;;;;;kWhD;kWhD;kWhD;kWhD;kWhD;kWhD;kWhD;kWhD;kWhD;kWhD;kWhD;kWhD;kWhD;kWhD;kWhD;kWhD;kWhD;kWhD;kWhD;kWhD;kWhD;kWhD;kWhD;kWhD;kWhR;kWhR;kWhR;kWhR;kWhR;kWhR;kWhR;kWhR;kWhR;kWhR;kWhR;kWhR;kWhR;kWhR;kWhR;kWhR;kWhR;kWhR;kWhR;kWhR;kWhR;kWhR;kWhR;kWhR;kVarhD;kVarhD;kVarhD;kVarhD;kVarhD;kVarhD;kVarhD;kVarhD;kVarhD;kVarhD;kVarhD;kVarhD;kVarhD;kVarhD;kVarhD;kVarhD;kVarhD;kVarhD;kVarhD;kVarhD;kVarhD;kVarhD;kVarhD;kVarhD;kVarhR;kVarhR;kVarhR;kVarhR;kVarhR;kVarhR;kVarhR;kVarhR;kVarhR;kVarhR;kVarhR;kVarhR;kVarhR;kVarhR;kVarhR;kVarhR;kVarhR;kVarhR;kVarhR;kVarhR;kVarhR;kVarhR;kVarhR;kVarhR
;;;;;0;1;2;3;4;5;6;7;8;9;10;11;12;13;14;15;16;17;18;19;20;21;22;23;0;1;2;3;4;5;6;7;8;9;10;11;12;13;14;15;16;17;18;19;20;21;22;23;0;1;2;3;4;5;6;7;8;9;10;11;12;13;14;15;16;17;18;19;20;21;22;23;0;1;2;3;4;5;6;7;8;9;10;11;12;13;14;15;16;17;18;19;20;21;22;23
Frt00771;ITALCOL FUNZA PRINCIPAL;38289435;9/01/2022;P;554.4;590.4;781.2;871.2;1152;997.2;777.6;756;766.8;622.8;640.8;885.6;928.8;975.6;954;882;835.2;946.8;936;867.6;1152;1026;954;1000.8;0;0;0;0;0;0;0;0;0;0;0;0;0;0;0;0;0;0;0;0;0;0;0;0;176.4;190.8;309.6;363.6;424.8;385.2;345.6;288;277.2;270;306;414;385.2;396;439.2;399.6;399.6;385.2;435.6;392.4;486;406.8;439.2;471.6;0;0;0;0;0;0;0;0;0;0;0;0;0;0;0;0;0;0;0;0;0;0;0;0
Frt00771;ITALCOL FUNZA PRINCIPAL;38289435;9/02/2022;P;896.4;1051.2;1177.2;1105.2;1094.4;943.2;1069.2;1155.6;1159.2;1173.6;1058.4;1216.8;968.4;961.2;1008;946.8;1069.2;979.2;1108.8;1126.8;1162.8;1000.8;1198.8;1155.6;0;0;0;0;0;0;0;0;0;0;0;0;0;0;0;0;0;0;0;0;0;0;0;0;360;432;493.2;471.6;428.4;352.8;453.6;504;504;493.2;399.6;478.8;356.4;367.2;406.8;367.2;489.6;482.4;504;500.4;489.6;374.4;496.8;507.6;0;0;0;0;0;0;0;0;0;0;0;0;0;0;0;0;0;0;0;0;0;0;0;0
Frt00771;ITALCOL FUNZA PRINCIPAL;38289435;9/03/2022;P;1119.6;1094.4;1090.8;1252.8;1130.4;860.4;932.4;1008;1137.6;1033.2;1054.8;1108.8;1116;1177.2;835.2;1026;993.6;1040.4;1018.8;1000.8;972;946.8;1094.4;864;0;0;0;0;0;0;0;0;0;0;0;0;0;0;0;0;0;0;0;0;0;0;0;0;478.8;482.4;417.6;543.6;511.2;399.6;356.4;417.6;493.2;428.4;432;468;475.2;504;403.2;414;446.4;392.4;432;450;442.8;378;500.4;360;0;0;0;0;0;0;0;0;0;0;0;0;0;0;0;0;0;0;0;0;0;0;0;0
Frt00771;ITALCOL FUNZA PRINCIPAL;38289435;9/04/2022;P;957.6;903.6;921.6;878.4;702;201.6;118.8;122.4;118.8;108;136.8;133.2;108;104.4;97.2;97.2;93.6;100.8;126;133.2;208.8;838.8;1015.2;1137.6;0;0;0;0;0;0;0;0;0;0;0;0;0;0;0;0;0;0;0;0;0;0;0;0;432;392.4;381.6;432;316.8;82.8;21.6;21.6;18;14.4;25.2;36;14.4;18;14.4;18;18;14.4;18;21.6;75.6;356.4;442.8;507.6;0;0;0;0;0;0;0;0;3.6;0;0;0;0;3.6;0;0;0;0;3.6;0;0;0;0;0
Frt00771;ITALCOL FUNZA PRINCIPAL;38289435;9/05/2022;P;1094.4;874.8;853.2;849.6;961.2;759.6;626.4;489.6;759.6;831.6;709.2;799.2;669.6;417.6;637.2;759.6;824.4;831.6;943.2;601.2;763.2;1047.6;1065.6;1195.2;0;0;0;0;0;0;0;0;0;0;0;0;0;0;0;0;0;0;0;0;0;0;0;0;428.4;356.4;313.2;378;388.8;291.6;212.4;201.6;327.6;396;262.8;302.4;306;144;237.6;270;273.6;298.8;378;306;392.4;460.8;450;496.8;0;0;0;0;0;0;0;0;0;0;0;0;0;0;0;0;0;0;0;0;0;0;0;0
Frt00981;AVICOLA EL MADROÑO PTA PRINCIPAL;38289327;9/01/2022;P;100.65;103.05;89.85;84.6;92.4;101.85;78.3;64.05;70.2;80.55;70.8;71.85;76.5;70.35;101.25;97.5;100.2;95.25;98.7;96;96.45;87.45;86.55;90;0;0;0;0;0;0;0;0;0;0;0;0;0;0;0;0;0;0;0;0;0;0;0;0;40.05;37.95;36.9;33;32.55;32.4;25.05;20.85;22.5;26.25;22.8;31.5;34.2;31.05;37.05;35.85;31.95;33.75;31.2;34.05;28.05;32.1;33.15;36.45;0;0;0;0;0;0;0;0;0;0;0;0;0;0;0;0;0;0;0;0;0;0;0;0
Frt00981;AVICOLA EL MADROÑO PTA PRINCIPAL;38289327;9/02/2022;P;94.35;82.65;83.55;93.3;85.35;87.75;71.1;73.65;67.5;77.4;96.3;100.95;87.75;75.75;78;102.3;116.25;106.65;106.8;102.6;94.35;87.6;80.1;98.1;0;0;0;0;0;0;0;0;0;0;0;0;0;0;0;0;0;0;0;0;0;0;0;0;30.75;33.45;31.5;37.65;34.2;31.65;28.95;25.2;23.7;27.3;37.65;33.3;31.2;25.05;26.1;33.75;49.8;41.85;39.75;36.6;29.25;22.5;30;34.2;0;0;0.15;0;0;0;0;0;0;0;0;0;0;0.15;0;0;0;0;0;0;0;0;0;0
Frt00981;AVICOLA EL MADROÑO PTA PRINCIPAL;38289327;9/03/2022;P;92.4;90;83.7;95.85;89.25;88.05;88.95;93.9;95.85;94.95;91.65;93.9;90.15;61.95;72.3;107.7;99.9;87.6;75.3;88.8;97.65;85.5;74.85;91.2;0;0;0;0;0;0;0;0;0;0;0;0;0;0;0;0;0;0;0;0;0;0;0;0;33.9;34.95;36.75;35.55;33.3;35.1;30.6;29.85;31.05;31.05;32.55;38.25;33.9;21.45;27.45;37.35;33.3;31.2;27;33.6;25.8;26.1;25.8;30.75;0;0;0;0;0;0;0;0;0;0;0;0;0;0;0;0;0;0;0.15;0;0;0;0;0
Frt00981;AVICOLA EL MADROÑO PTA PRINCIPAL;38289327;9/04/2022;P;96.15;91.05;76.95;88.05;91.2;98.55;79.2;90.6;92.85;111.15;90;84.9;89.25;97.05;94.05;77.85;83.4;87.3;87.9;84;87.15;86.4;93.45;85.8;0;0;0;0;0;0;0;0;0;0;0;0;0;0;0;0;0;0;0;0;0;0;0;0;30.75;33.9;29.4;34.35;31.95;33.45;29.1;25.2;27;43.2;33.45;31.65;27.6;37.2;26.7;27.45;25.2;27.6;26.85;32.4;27.15;25.5;31.95;33.6;0;0;0;0;0;0;0;0;0;0;0;0;0;0;0;0;0;0;0;0;0;0;0;0
Frt00981;AVICOLA EL MADROÑO PTA PRINCIPAL;38289327;9/05/2022;P;89.7;84.6;90.75;79.05;88.2;87.9;91.35;70.8;81.3;88.65;81.75;91.8;108.3;99.6;89.85;113.4;109.5;105;98.85;87.75;98.25;88.8;80.4;89.85;0;0;0;0;0;0;0;0;0;0;0;0;0;0;0;0;0;0;0;0;0;0;0;0;32.55;34.65;32.85;34.5;31.05;32.7;31.05;29.55;29.55;36.45;29.25;36.3;39.15;32.25;34.05;48.15;45.75;42.3;42.6;28.95;31.05;26.4;25.95;30.6;0;0;0;0;0;0;0;0;0;0;0;0;0;0;0.15;0;0;0;0;0;0;0;0;0
Frt01153;AVICOLA EL MADROÑO CARTAGENA PRINCIPAL;38289432;9/01/2022;P;1166.4;1108.8;1123.2;1238.4;1267.2;1252.8;1411.2;1454.4;1512;1483.2;1497.6;1454.4;1497.6;1454.4;1497.6;1468.8;1368;1296;1324.8;1267.2;1180.8;1108.8;1166.4;1123.2;0;0;0;0;0;0;0;0;0;0;0;0;0;0;0;0;0;0;0;0;0;0;0;0;403.2;360;388.8;489.6;489.6;489.6;590.4;633.6;662.4;648;648;619.2;633.6;633.6;662.4;662.4;561.6;504;532.8;532.8;417.6;374.4;403.2;403.2;0;0;0;0;0;0;0;0;0;0;0;0;0;0;0;0;0;0;0;0;0;0;0;0
Frt01153;AVICOLA EL MADROÑO CARTAGENA PRINCIPAL;38289432;9/02/2022;P;1137.6;1238.4;1310.4;1310.4;1281.6;1166.4;1324.8;1411.2;1540.8;1569.6;1584;187.2;0;1065.6;1454.4;964.8;72;1166.4;1224;1180.8;1152;1152;1166.4;1195.2;0;0;0;0;0;0;0;0;0;0;0;0;0;0;0;0;0;0;0;0;0;0;0;0;403.2;460.8;532.8;532.8;504;460.8;561.6;633.6;676.8;691.2;705.6;86.4;0;417.6;633.6;417.6;14.4;432;475.2;432;403.2;388.8;432;417.6;0;0;0;0;0;0;0;0;0;0;0;0;0;0;0;0;0;0;0;0;0;0;0;0
Frt01153;AVICOLA EL MADROÑO CARTAGENA PRINCIPAL;38289432;9/03/2022;P;1137.6;1108.8;1252.8;1353.6;1353.6;1296;1382.4;1569.6;1569.6;1641.6;1641.6;1555.2;1540.8;1497.6;1540.8;1569.6;1569.6;1411.2;1353.6;1353.6;1252.8;1108.8;1108.8;993.6;0;0;0;0;0;0;0;0;0;0;0;0;0;0;0;0;0;0;0;0;0;0;0;0;403.2;360;460.8;532.8;518.4;475.2;590.4;691.2;705.6;720;734.4;676.8;676.8;633.6;676.8;705.6;705.6;590.4;561.6;561.6;489.6;417.6;403.2;345.6;0;0;0;0;0;0;0;0;0;0;0;0;0;0;0;0;0;0;0;0;0;0;0;0
Frt01153;AVICOLA EL MADROÑO CARTAGENA PRINCIPAL;38289432;9/04/2022;P;1008;1094.4;1267.2;1339.2;1209.6;1036.8;1094.4;1267.2;1382.4;1425.6;1440;1411.2;1353.6;1382.4;1382.4;1224;1180.8;1353.6;1324.8;1267.2;1195.2;1252.8;1108.8;1094.4;0;0;0;0;0;0;0;0;0;0;0;0;0;0;0;0;0;0;0;0;0;0;0;0;345.6;388.8;504;576;489.6;374.4;446.4;547.2;590.4;619.2;648;604.8;576;590.4;604.8;518.4;460.8;532.8;518.4;489.6;417.6;446.4;388.8;360;0;0;0;0;0;0;0;0;0;0;0;0;0;0;0;0;0;0;0;0;0;0;0;0
Frt01153;AVICOLA EL MADROÑO CARTAGENA PRINCIPAL;38289432;9/05/2022;P;1281.6;1267.2;1195.2;1281.6;1324.8;1252.8;1396.8;1468.8;1454.4;1483.2;1612.8;1555.2;1526.4;1425.6;14.4;1094.4;1368;1238.4;1180.8;1065.6;993.6;950.4;1152;1137.6;0;0;0;0;0;0;0;0;0;0;0;0;0;0;0;0;0;0;0;0;0;0;0;0;489.6;504;489.6;547.2;547.2;475.2;633.6;648;604.8;633.6;748.8;676.8;648;604.8;0;489.6;633.6;532.8;489.6;403.2;374.4;331.2;432;432;0;0;0;0;0;0;0;0;0;0;0;0;0;0;14.4;0;0;0;0;0;0;0;0;0
Frt01615;ITALCOL BELLINI;2841136;9/01/2022;P;328.73;333.09;315.97;324.81;315.85;320.94;318.87;321.66;327.78;333.5;332.15;332.51;324.9;326.52;285.8;321.03;316.49;308.39;312.84;339.08;339.44;342.45;350.39;339.86;0;0;0;0;0;0;0;0;0;0;0;0;0;0;0;0;0;0;0;0;0;0;0;0;131.29;134.35;128.2;130.05;130.46;129.87;128.14;126.95;130.91;132.48;130.73;127.31;126.52;128.16;114.03;125.89;124.94;123.1;125.98;149.87;150.01;150.59;152.93;142.07;0;0;0;0;0;0;0;0;0;0;0;0;0;0;0;0;0;0;0;0;0;0;0;0
Frt01615;ITALCOL BELLINI;2841136;9/02/2022;P;338.85;341.8;339.19;330.84;324.47;315.83;336.76;367.65;361.82;318.62;289.1;331.11;338.74;322.4;319.14;326.79;324.11;317.57;315.23;313.79;316.58;316.71;327.76;325.66;0;0;0;0;0;0;0;0;0;0;0;0;0;0;0;0;0;0;0;0;0;0;0;0;139.39;143.66;138.92;138.29;135.47;137.9;143.01;151.61;151.16;135.43;125.57;139.73;141.48;132.19;132.44;128.63;131.92;132.53;132.28;132.37;131.45;125.08;133.22;126.16;0;0;0;0;0;0;0;0;0;0;0;0;0;0;0;0;0;0;0;0;0;0;0;0
Frt01615;ITALCOL BELLINI;2841136;9/03/2022;P;323.35;319.95;312.77;316.51;325.89;323.21;309.15;307.04;318.49;333.47;339.3;263.52;245.5;336.53;368.78;365.65;368.1;397.19;423.81;429.77;426.29;421.16;425.88;428.49;0;0;0;0;0;0;0;0;0;0;0;0;0;0;0;0;0;0;0;0;0;0;0;0;128.72;128.52;126.5;128.57;129.92;131.36;121.07;121.57;129.87;135.92;135.58;105.03;101;140.54;142.81;142.4;145.17;155.36;169.07;164;165.15;162.11;166.23;168.8;0;0;0;0;0;0;0;0;0;0;0;0;0;0;0;0;0;0;0;0;0;0;0;0
Frt01615;ITALCOL BELLINI;2841136;9/04/2022;P;424.96;337.95;345.44;370.53;384.28;409.14;395.66;407.86;396.23;406.53;404.62;408.15;400.28;402.84;405.52;408.94;405.47;377.21;386.21;371.16;383.51;391.52;379.28;364.64;0;0;0;0;0;0;0;0;0;0;0;0;0;0;0;0;0;0;0;0;0;0;0;0;166.43;139.93;151.45;157.1;175.16;189.77;177.55;174.35;168.82;174.13;171.27;169.52;162.92;164.41;167.42;169.97;169;159.95;160.07;157.57;162.5;165.11;163.46;162.63;0;0.5;0;0;0;0;0;0;0;0;0;0;0;0;0;0;0;0;0;0;0;0;0;0
Frt01615;ITALCOL BELLINI;2841136;9/05/2022;P;389.81;394.92;397.75;377.75;349;313.38;325.96;355.12;356.45;363.8;365.72;374.27;390.51;416.86;391.34;402.48;399.1;403.81;406.51;415.46;412.67;422.24;427.77;426.24;0;0;0;0;0;0;0;0;0;0;0;0;0;0;0;0;0;0;0;0;0;0;0;0;160.22;160.92;162.43;158.92;155.21;139.12;152.42;155.18;157.39;162.09;161.91;171.36;178.81;188.73;155.59;161.08;158.42;167.51;182.63;183.49;183.11;171.81;177.12;185.54;0;0;0;0;0;0;0;0;0;0;0;0;0;0;0;0;0;0;0;0;0;0;0;0
Frt01751;POLLOSAN INCUBACION V1;2839463;9/01/2022;P;104.03;116.51;115.65;111.92;110.17;103.36;101.05;105.88;102.5;112.74;109.23;105.2;113.26;121.85;135.6;132.38;128.72;124.59;114.92;110.05;107.6;95.01;95.07;94.78;0;0;0;0;0;0;0;0;0;0;0;0;0;0;0;0;0;0;0;0;0;0;0;0;20.94;21.83;24.67;22.64;22.7;19.16;19.52;21.62;18.3;25.11;20.01;18.99;20.59;24.07;26.32;23.96;24.65;25.87;23.64;22.39;22.04;19.14;17.34;16.98;0;0;0;0;0;0;0;0;0;0;0;0;0;0;0;0;0;0;0;0;0;0;0;0
Frt01751;POLLOSAN INCUBACION V1;2839463;9/02/2022;P;90.9;95.63;94.17;89.27;79.4;82.25;98.82;96.77;100.55;103.29;108.17;107.78;114.26;113.92;117.35;115.17;103.7;92.05;100.63;101.61;99.2;96.23;93.24;93.36;0;0;0;0;0;0;0;0;0;0;0;0;0;0;0;0;0;0;0;0;0;0;0;0;15.94;18.56;15.71;11.71;10.54;9.9;11.42;19.93;21.73;15.43;27.13;22.03;21.17;20.91;23.71;24.98;17.46;11.98;18.4;17.28;16.68;16.09;13.22;14.09;0;0;0;0;0;0;0;0;0;0;0;0;0;0;0;0;0;0;0;0;0;0;0;0
Frt01751;POLLOSAN INCUBACION V1;2839463;9/03/2022;P;91.58;89.74;89.48;89.74;90.88;91.61;92.58;16.75;0;0;14.92;112.71;113.54;110.67;104.84;107.6;104.86;108.59;98.44;97.58;94.1;94.43;92.5;91.62;0;0;0;0;0;0;0;0;0;0;0;0;0;0;0;0;0;0;0;0;0;0;0;0;12.85;12.57;12.06;11.88;11.88;13.23;13.6;1.98;0;0;5.91;23.5;26.12;25.67;21.96;25.59;23.88;22.09;16.2;15.99;13.43;14.55;12.49;11.37;0;0;0;0;0;0;0;0.08;0;0;0;0;0;0;0;0;0;0;0;0;0;0;0;0
Frt01751;POLLOSAN INCUBACION V1;2839463;9/04/2022;P;92.15;91.54;91.36;91.71;93.23;94.61;94.41;94.46;96.46;102.46;107.38;110.17;111.71;113.83;109.69;114.39;113.75;106.05;102.56;97.61;98.49;97.12;97.02;95.06;0;0;0;0;0;0;0;0;0;0;0;0;0;0;0;0;0;0;0;0;0;0;0;0;11.76;11.78;11.88;12.05;14.88;16.45;18.91;19.26;20.03;23.12;25.05;26.88;27.56;26.24;23.46;23.6;23.79;22.51;20.79;20.43;20.96;20.18;20.74;18.02;0;0;0;0;0;0;0;0;0;0;0;0;0;0;0;0;0;0;0;0;0;0;0;0
Frt01751;POLLOSAN INCUBACION V1;2839463;9/05/2022;P;97.56;105.95;102.81;101.71;104.25;100.39;97.4;93.49;94.78;104.38;109.38;122.46;135.37;135.05;141.95;142.97;142.94;126.04;121.09;116.16;116.03;116.04;115.52;113.72;0;0;0;0;0;0;0;0;0;0;0;0;0;0;0;0;0;0;0;0;0;0;0;0;18.63;20.77;24.3;23.28;22.24;21.4;21.33;17.74;16.95;22.42;24.7;28.07;33.53;37.54;38.78;32.13;34.09;29.12;30.31;28.2;28.94;27.23;26.45;24.26;0;0;0;0;0;0;0;0;0;0;0;0;0;0;0;0;0;0;0;0;0;0;0;0
Frt01752;POLLOSAN SACRIFICIO LEBRIJA PRINCIPAL;37922266;9/01/2022;P;1441.44;1109.88;1184.76;1192.32;1307.88;1618.2;1745.28;1784.88;1873.8;1817.64;1797.48;1893.96;1844.28;1923.48;1884.96;1879.92;1775.16;1672.56;1449;1360.44;1358.64;1385.28;1433.88;1373.04;0;0;0;0;0;0;0;0;0;0;0;0;0;0;0;0;0;0;0;0;0;0;0;0;561.24;441.72;411.48;489.96;525.6;648.72;750.6;767.88;780.84;770.76;775.08;802.8;813.96;826.2;804.6;821.52;752.04;716.76;567.72;560.16;509.04;531.72;578.88;547.56;0;0;0;0;0;0;0;0;0;0;0;0;0;0;0;0;0;0;0;0;0;0;0;0
Frt01752;POLLOSAN SACRIFICIO LEBRIJA PRINCIPAL;37922266;9/02/2022;P;951.12;964.08;1114.56;1244.16;1545.12;1578.96;1802.16;1729.44;1839.6;1787.76;1874.88;1912.32;1864.44;1907.28;1905.84;1821.6;1678.32;1529.64;1426.68;1376.28;1450.08;1450.44;1382.76;1110.96;0;0;0;0;0;0;0;0;0;0;0;0;0;0;0;0;0;0;0;0;0;0;0;0;364.32;368.64;458.64;479.16;655.2;639;788.76;696.24;806.4;761.76;783.72;821.88;799.2;816.48;821.16;770.4;706.32;653.4;554.4;524.88;553.68;582.48;511.2;444.96;0;0;0;0;0;0;0;0;0;0;0;0;0;0;0;0;0;0;0;0;0;0;0;0
Frt01752;POLLOSAN SACRIFICIO LEBRIJA PRINCIPAL;37922266;9/03/2022;P;948.96;1029.96;1089.36;1261.8;1548.72;1567.44;1742.4;1728.72;1782;1814.76;1912.68;1892.88;1880.64;1966.68;1929.6;1924.2;1825.92;1578.6;1330.2;1200.96;1214.28;1250.64;1166.4;862.92;0;0;0;0;0;0;0;0;0;0;0;0;0;0;0;0;0;0;0;0;0;0;0;0;364.68;432;353.16;484.92;626.4;655.56;754.92;711;722.52;741.6;804.96;822.6;808.56;883.44;842.76;824.76;795.96;663.12;479.52;423.72;438.12;424.8;369;238.68;0;0;0;0;0;0;0;0;0;0;0;0;0;0;0;0;0;0;0;0;0;0;0;0
Frt01752;POLLOSAN SACRIFICIO LEBRIJA PRINCIPAL;37922266;9/04/2022;P;739.08;660.24;705.24;893.88;987.12;891.36;869.76;789.84;934.56;857.88;906.84;943.92;905.76;869.04;898.56;900;900;901.08;900;852.12;826.92;823.68;854.28;864.72;0;0;0;0;0;0;0;0;0;0;0;0;0;0;0;0;0;0;0;0;0;0;0;0;235.8;154.8;183.6;321.12;344.88;315;298.8;229.68;299.88;266.76;281.88;327.6;307.44;262.44;299.16;299.88;327.96;290.52;320.4;267.84;245.88;259.2;275.76;279.72;0;0;0;0;0;0;0;0;0;0;0;0;0;0;0;0;0;0;0;0;0;0;0;0
Frt01752;POLLOSAN SACRIFICIO LEBRIJA PRINCIPAL;37922266;9/05/2022;P;860.4;813.96;911.16;1052.64;1396.8;1475.28;1747.44;1631.16;1696.32;1743.48;1751.04;1855.8;1836.36;1872.36;1877.4;1891.08;1901.52;1690.92;1546.56;1424.52;1358.28;1387.8;1422;1361.16;0;0;0;0;0;0;0;0;0;0;0;0;0;0;0;0;0;0;0;0;0;0;0;0;298.08;241.56;286.2;319.32;534.96;590.04;720;656.64;699.48;679.32;698.04;762.84;770.4;796.32;801.36;812.16;810;659.52;598.32;545.4;498.96;536.4;552.96;518.04;0;0;0;0;0;0;0;0;0;0;0;0;0;0;0;0;0;0;0;0;0;0;0;0
Frt02536;SAN MARINO BOLO;38289434;9/01/2022;P;48.4;57.2;57.2;66;63.8;52.8;48.4;52.8;59.4;66;63.8;70.4;94.6;103.4;99;90.2;70.4;66;66;59.4;55;50.6;50.6;44;0;0;0;0;0;0;0;0;0;0;0;0;0;0;0;0;0;0;0;0;0;0;0;0;0;0;0;2.2;0;0;0;2.2;2.2;4.4;2.2;4.4;17.6;19.8;13.2;11;4.4;2.2;0;2.2;0;0;0;0;6.6;6.6;4.4;4.4;4.4;4.4;4.4;2.2;0;2.2;0;2.2;0;0;0;0;0;2.2;2.2;4.4;2.2;6.6;4.4;6.6
Frt02536;SAN MARINO BOLO;38289434;9/02/2022;P;52.8;61.6;55;61.6;57.2;50.6;48.4;57.2;68.2;77;88;92.4;88;90.2;94.6;79.2;63.8;59.4;55;52.8;50.6;46.2;44;48.4;0;0;0;0;0;0;0;0;0;0;0;0;0;0;0;0;0;0;0;0;0;0;0;0;0;0;0;0;0;0;0;2.2;4.4;4.4;8.8;13.2;11;13.2;15.4;8.8;2.2;2.2;2.2;0;0;0;0;0;2.2;6.6;4.4;4.4;4.4;4.4;6.6;2.2;0;0;0;0;0;0;0;0;2.2;0;4.4;4.4;6.6;6.6;6.6;8.8
Frt02536;SAN MARINO BOLO;38289434;9/03/2022;P;48.4;44;48.4;50.6;61.6;57.2;63.8;66;66;66;70.4;74.8;72.6;77;79.2;79.2;79.2;74.8;63.8;61.6;59.4;57.2;50.6;52.8;0;0;0;0;0;0;0;0;0;0;0;0;0;0;0;0;0;0;0;0;0;0;0;0;0;0;0;0;0;0;2.2;2.2;4.4;2.2;6.6;8.8;8.8;6.6;8.8;8.8;8.8;6.6;4.4;2.2;0;2.2;0;2.2;6.6;6.6;6.6;6.6;6.6;4.4;0;2.2;0;0;0;0;2.2;0;0;0;0;0;0;2.2;2.2;4.4;2.2;4.4
Frt02536;SAN MARINO BOLO;38289434;9/04/2022;P;55;52.8;50.6;50.6;52.8;52.8;48.4;52.8;57.2;61.6;68.2;74.8;72.6;79.2;77;72.6;63.8;66;57.2;57.2;55;50.6;55;52.8;0;0;0;0;0;0;0;0;0;0;0;0;0;0;0;0;0;0;0;0;0;0;0;0;0;0;0;0;0;0;0;0;2.2;4.4;4.4;6.6;8.8;8.8;8.8;6.6;2.2;4.4;2.2;0;2.2;0;0;0;4.4;4.4;4.4;4.4;6.6;4.4;4.4;4.4;2.2;0;2.2;0;0;0;0;0;2.2;0;2.2;2.2;2.2;4.4;4.4;4.4
Frt02536;SAN MARINO BOLO;38289434;9/05/2022;P;50.6;55;63.8;68.2;59.4;59.4;52.8;52.8;55;63.8;68.2;77;88;90.2;81.4;83.6;88;81.4;66;63.8;63.8;59.4;57.2;52.8;0;0;0;0;0;0;0;0;0;0;0;0;0;0;0;0;0;0;0;0;0;0;0;0;0;0;2.2;0;0;0;0;0;2.2;4.4;19.8;6.6;15.4;11;4.4;8.8;8.8;8.8;2.2;4.4;2.2;2.2;0;2.2;4.4;4.4;4.4;4.4;4.4;4.4;4.4;4.4;0;0;0;0;0;0;2.2;0;0;0;0;0;2.2;2.2;2.2;4.4
Frt02583;AVICOLA EL FONCE SAN GIL;37922264;9/01/2022;P;114.25;104.61;104.61;101.05;97.09;90.62;84.22;91.81;93.13;93.19;105.01;106.72;109.16;111.61;110.88;111.21;98.47;97.88;90.68;96.76;98.34;106.46;102.37;96.76;0;0;0;0;0;0;0;0;0;0;0;0;0;0;0;0;0;0;0;0;0;0;0;0;33.86;32.6;33;30.29;30.23;32.67;30.49;31.15;30.29;28.05;29.63;30.16;34.19;32.34;32.27;32.41;30.43;32.41;27.72;27.92;26.86;28.38;27.59;26.99;0;0;0;0;0;0;0;0;0;0;0;0;0;0;0;0;0;0;0;0;0;0;0;0
Frt02583;AVICOLA EL FONCE SAN GIL;37922264;9/02/2022;P;95.7;96.76;88.51;88.9;87.25;100.45;102.43;93.72;98.93;104.08;105.86;112.99;104.74;100.58;95.04;95.17;86.92;86.92;78.87;77.75;78.87;90.02;99.92;87.32;0;0;0;0;0;0;0;0;0;0;0;0;0;0;0;0;0;0;0;0;0;0;0;0;30.03;32.21;29.83;31.48;28.31;24.95;27.39;25.21;27.59;28.31;28.45;26.07;25.94;27.79;25.08;23.3;18.35;39.53;40.99;42.7;41.71;46.93;49.3;43.03;0;0;0;0;0;0;0;0;0;0;0;0;0;0;0;0;0;0;0;0;0;0;0;0
Frt02583;AVICOLA EL FONCE SAN GIL;37922264;9/03/2022;P;86.99;83.95;86.13;88.04;82.17;86.2;95.57;98.01;97.22;102.43;103.69;105.6;107.58;108.31;98.34;106;103.49;97.15;90.68;91.21;91.87;89.69;88.97;88.31;0;0;0;0;0;0;0;0;0;0;0;0;0;0;0;0;0;0;0;0;0;0;0;0;44.09;40.06;40.33;40.19;35.24;35.9;37.62;34.06;32.08;32.87;32.01;35.05;37.49;41.25;41.12;38.61;36.63;37.95;36.7;39.01;35.84;35.97;35.97;38.28;0;0;0;0;0;0;0;0;0;0;0;0;0;0;0;0;0;0;0;0;0;0;0;0
Frt02583;AVICOLA EL FONCE SAN GIL;37922264;9/04/2022;P;89.03;87.91;86.06;85.34;86.66;86.59;84.88;92;93.72;90.02;98.87;104.02;101.9;103.95;108.44;106.46;110.55;104.15;104.94;111.08;112.79;112.53;111.67;108.37;0;0;0;0;0;0;0;0;0;0;0;0;0;0;0;0;0;0;0;0;0;0;0;0;42.57;41.51;42.77;41.98;39.2;39.53;37.95;39.67;35.97;34.32;34.32;35.97;35.77;38.21;38.41;33.46;35.11;31.81;33.13;31.15;28.31;28.51;29.5;31.15;0;0;0;0;0;0;0;0;0;0;0;0;0;0;0;0;0;0;0;0;0;0;0;0
Frt02583;AVICOLA EL FONCE SAN GIL;37922264;9/05/2022;P;110.95;103.03;101.18;103.75;104.81;95.96;94.12;100.06;97.94;101.9;99.26;117.28;133.19;133.12;126.98;130.55;128.3;123.22;116.56;118.73;119.72;114.97;112.2;110.62;0;0;0;0;0;0;0;0;0;0;0;0;0;0;0;0;0;0;0;0;0;0;0;0;32.14;31.55;32.08;36.43;38.94;39.27;38.21;37.09;38.15;39.34;34.45;35.24;47.72;44.15;37.88;40.33;40.46;41.32;40.06;39.47;35.57;33.46;33.07;36.7;0;0;0;0;0;0;0;0;0;0;0;0;0;0;0;0;0;0;0;0;0;0;0;0
Frt03502;AGROPECUARIA ALFA 1;32271905;9/01/2022;P;176.81;176.45;176.55;176.85;176.75;176.29;176.78;176.78;176.65;59.6;38.41;176.85;177.01;176.71;176.45;176.25;176.39;79.89;1.19;47.78;174.8;174.7;174.67;174.41;0;0;0;0;0;0;0;0;0;0;0;0;0;0;0;0;0;0;0;0;0;0;0;0;53.86;51.61;52.24;54.71;55.01;51.28;52.37;51.58;50.66;22.41;17.99;51.98;53.3;53;52.73;53.2;54.75;30.76;9.37;20.56;55.61;54.88;54.75;52.8;0;0;0;0;0;0;0;0;0;0.03;0;0;0;0;0;0;0;0.46;0;0.53;0;0;0;0
Frt03502;AGROPECUARIA ALFA 1;32271905;9/02/2022;P;174.27;174.7;175.99;121.21;1.22;1.16;1.25;110.98;176.42;176.45;125.37;90.12;89.86;142.63;176.55;176.65;176.95;177.01;176.91;177.18;177.05;177.18;177.38;177.57;0;0;0;0;0;0;0;0;0;0;0;0;0;0;0;0;0;0;0;0;0;0;0;0;52.73;52.83;54.98;41.45;10;9.01;10.3;41.61;51.74;50.95;21.68;0;2.21;32.21;51.55;51.41;52.27;54.09;53.46;53.53;53.56;54.09;55.28;57.68;0;0;0;0.46;0;0;0;0.79;0;0;0.79;0.92;1.55;0.92;0;0;0;0;0;0;0;0;0;0
Frt03502;AGROPECUARIA ALFA 1;32271905;9/03/2022;P;177.08;177.11;177.44;177.31;177.24;177.44;177.64;177.38;177.01;176.68;175.73;175.86;176.25;176.91;176.48;176.39;176.52;176.81;176.55;176.58;176.81;176.85;177.01;176.98;0;0;0;0;0;0;0;0;0;0;0;0;0;0;0;0;0;0;0;0;0;0;0;0;54.52;55.28;57.29;56.63;55.18;54.85;56.03;53.69;50.59;48.28;46.96;46.89;48.38;51.32;48.81;49.07;50.36;51.88;51.22;50.99;51.68;53.2;54.81;53.2;0;0;0;0;0;0;0;0;0;0;0;0;0;0;0;0;0;0;0;0;0;0;0;0
Frt03502;AGROPECUARIA ALFA 1;32271905;9/04/2022;P;176.85;176.98;177.14;176.95;177.08;177.34;177.31;177.24;177.41;177.84;177.51;176.98;176.88;176.75;176.62;176.22;176.12;176.29;176.09;176.81;177.38;177.87;177.9;177.97;0;0;0;0;0;0;0;0;0;0;0;0;0;0;0;0;0;0;0;0;0;0;0;0;52.04;52.4;53.26;53.63;53.56;54.35;54.55;53.13;51.45;51.22;50.19;49.04;48.11;48.15;49.2;51.94;53.06;54.25;52.4;51.74;52.7;53.79;56.46;59.57;0;0;0;0;0;0;0;0;0;0;0;0;0;0;0;0;0;0;0;0;0;0;0;0
Frt03502;AGROPECUARIA ALFA 1;32271905;9/05/2022;P;177.28;177.94;177.54;174.8;173.58;172.79;172.85;172.19;171.53;169.62;169.82;168.66;168.4;168.07;168.17;168.07;168.4;167.97;69.37;1.19;1.22;1.25;1.22;1.22;0;0;0;0;0;0;0;0;0;0;0;0;0;0;0;0;0;0;0;0;0;0;0;0;54.68;58.54;59.04;56.69;54.25;53.06;53.82;50.26;48.35;46.17;47.62;48.84;50.19;49.93;48.94;48.44;50.52;51.15;23.86;9.41;9.87;9.87;9.67;9.6;0;0;0;0;0;0;0;0;0;0;0;0;0;0;0;0;0;0;1.29;0;0;0;0;0
Frt03503;AGROPECUARIA ALFA 2;32271869;9/01/2022;P;191.73;193.58;189.49;188.46;186.29;184.5;183.88;185.56;192.03;106.06;150.48;155.56;139.26;188.66;164.21;155.43;162.82;159.56;157.84;7.16;1.85;103.72;156.06;198.83;0;0;0;0;0;0;0;0;0;0;0;0;0;0;0;0;0;0;0;0;0;0;0;0;49.76;48.41;47.72;49.83;49.57;45.41;46.43;46.3;46.86;16.86;35.18;31.55;25.58;46.99;39.07;37.52;40.99;41.55;39.37;2.05;1.02;13;10.53;30.49;0.3;0;0;0;0;0;0.03;0;0.26;0.86;0.69;0.3;1.02;0.03;0;0;0.3;0;0;0.26;0;0.1;0;0.63
Frt03503;AGROPECUARIA ALFA 2;32271869;9/02/2022;P;203.45;198.03;191.99;188.17;198.96;152.46;46.2;1.82;129.06;197.57;195.59;182.36;144.84;185.76;180.84;187.18;181.14;188;192.75;113.98;103.16;102.83;102.7;102.47;0;0;0;0;0;0;0;0;0;0;0;0;0;0;0;0;0;0;0;0;0;0;0;0;27.62;24.78;22.01;20.53;26.4;17.46;8.35;0.92;20.36;50.09;52.7;46.27;31.88;45.01;43.89;46.3;44.81;37.85;24.68;11.02;8.15;7.89;7.89;8.12;0;0;0;0;0.26;0.26;0.3;0;0.3;0;0.23;0.23;0.23;0;0.13;0;0.2;0.2;0;0.33;0;0;0;0
Frt03503;AGROPECUARIA ALFA 2;32271869;9/03/2022;P;102;101.97;101.54;101.34;101.21;176.12;200.21;109.53;134.41;178.17;211.5;166.19;177.57;171.6;185.86;191.43;192.39;179.69;116.95;118.24;96.82;96.16;95.96;95.47;0;0;0;0;0;0;0;0;0;0;0;0;0;0;0;0;0;0;0;0;0;0;0;0;7.52;7.62;7.59;7.39;7.19;43.92;54.32;10.63;23.1;39.67;55.84;33.07;39.67;40.72;24.49;49.07;49.5;46.23;18.97;17.99;9.54;10.82;12.54;10.79;0;0;0;0;0;0.13;0;0.03;0.56;0;0;0;0.36;0.33;0.33;0.03;0.1;0.56;0;0.03;0;0;0;0
Frt03503;AGROPECUARIA ALFA 2;32271869;9/04/2022;P;94.91;94.71;94.81;94.71;94.58;151.5;195.03;184.5;192.95;190.28;168.6;107.45;98.14;97.48;97.02;96.49;95.24;94.41;93.85;93.49;93.36;52.17;1.15;1.22;0;0;0;0;0;0;0;0;0;0;0;0;0;0;0;0;0;0;0;0;0;0;0;0;9.57;9.8;10.92;10.92;10.86;34.88;51.38;45.94;49.93;47.32;37.98;20.56;22.28;25.71;24.72;12.94;12.74;10.82;13.66;18.91;17.19;9.87;0;0;0;0;0;0;0;0.33;0;0;0.03;0;0.66;2.05;1.49;0;0.26;0.79;0.26;0.07;0.79;0.86;0.69;18.18;40.26;40.72
Frt03503;AGROPECUARIA ALFA 2;32271869;9/05/2022;P;1.12;1.22;1.19;1.19;1.16;1.12;24.85;97.98;56.89;142.3;201.73;181.24;173.28;173.22;164.83;157.15;43.07;68.61;90.45;58.38;1.85;1.32;1.06;1.06;0;0;0;0;0;0;0;0;0;0;0;0;0;0;0;0;0;0;0;0;0;0;0;0;0;0;0;0;0;0;6.9;11.95;8.71;36.23;50.89;44.65;42.5;29.47;18.25;29.24;4.85;8.48;11.39;7.85;0;0;0;0;39.93;40.75;40.79;40.62;40.19;40.03;33.66;0.46;16.67;0.5;0;0;0.23;0.53;0.23;1.32;11.48;8.61;0.07;11.58;32.44;21.75;16.76;16.8
Frt03504;AGROPECUARIA ALFA 3;32271906;9/01/2022;P;0.49;0.46;0.48;0.48;0.48;0.53;43.63;45.21;45.2;45.18;45.17;45.16;45.17;45.13;45.16;45.09;45.06;28.47;0.48;0.46;0.46;0.48;0.46;0.48;0;0;0;0;0;0;0;0;0;0;0;0;0;0;0;0;0;0;0;0;0;0;0;0;0;0;0;0;0;0.08;26.62;26.62;26.35;26.62;26.77;26.93;27.13;26.95;26.95;26.33;26.29;16.7;0;0;0;0;0;0;0.16;0.29;0.26;0.24;0.18;0.36;0.01;0;0;0;0;0;0;0;0;0;0;0.05;0.16;0.33;0.34;0.29;0.26;0.25
Frt03504;AGROPECUARIA ALFA 3;32271906;9/02/2022;P;0.48;0.49;0.46;0.49;0.48;0.48;15.05;45.21;45.25;45.29;45.25;45.25;45.3;45.28;45.28;45.28;45.25;45.26;45.24;19.77;0.48;0.49;0.46;0.49;0;0;0;0;0;0;0;0;0;0;0;0;0;0;0;0;0;0;0;0;0;0;0;0;0;0;0;0;0;0;9.2;27.1;26.66;27.01;26.69;26.31;26.6;26.6;26.4;26.45;26.62;26.93;26.65;11.43;0;0.01;0;0;0.18;0.17;0.26;0.18;0.13;0.24;0.04;0;0;0;0;0;0;0;0;0;0;0;0;0.13;0.17;0.08;0.33;0.2
Frt03504;AGROPECUARIA ALFA 3;32271906;9/03/2022;P;0.48;0.46;0.49;0.48;0.48;10.05;45.63;45.58;45.34;45.17;45.14;45.16;45.13;45.08;45.05;45.06;45.03;45.03;12.51;0.46;0.46;0.49;0.46;0.48;0;0;0;0;0;0;0;0;0;0;0;0;0;0;0;0;0;0;0;0;0;0;0;0;0;0;0;0;0;6.02;27.75;26.85;26.52;26.55;26.74;26.57;26.57;26.45;26.56;26.86;26.51;26.65;7.22;0;0;0;0;0;0.21;0.28;0.18;0.18;0.22;0.22;0;0;0;0;0;0;0;0;0;0;0;0;0.24;0.38;0.3;0.16;0.4;0.18
Frt03504;AGROPECUARIA ALFA 3;32271906;9/04/2022;P;0.46;0.49;0.49;0.48;0.46;0.46;35.65;44.59;43.98;42.62;41.69;42.23;41.83;42.49;42.37;42.4;42.39;42.23;39.48;0.46;0.48;0.48;0.46;0.49;0;0;0;0;0;0;0;0;0;0;0;0;0;0;0;0;0;0;0;0;0;0;0;0;0;0;0;0;0;0;21.61;26.29;26.25;25.52;24.82;25.37;25.66;26.02;25.62;25.61;25.92;25.38;23.68;0;0;0;0;0;0.3;0.16;0.04;0.22;0.41;0.36;0.04;0;0;0;0;0;0;0;0;0;0;0;0.01;0.3;0.22;0.2;0.36;0.15
Frt03504;AGROPECUARIA ALFA 3;32271906;9/05/2022;P;0.46;0.48;0.45;0.46;0.48;0.48;0.62;0.48;0.48;0.49;7.91;28.67;32.39;32.05;33.17;38.64;68.93;49.39;42.52;42.73;42.41;41.84;41.73;41.73;0;0;0;0;0;0;0;0;0;0;0;0;0;0;0;0;0;0;0;0;0;0;0;0;0;0;0;0;0;0;0.25;0;0;0.01;8.55;21.3;20.75;15.99;17.62;26.49;41.12;29.85;25.96;25.46;25.49;25.53;25.69;25.56;0.28;0.3;0.44;0.42;0.29;0.21;0.21;0.16;0.28;0.09;0.08;0.04;0;0;0;0;0;0;0;0;0;0;0;0
Frt04710;HARINAGRO;2859558;9/01/2022;P;215.75;292.37;290.25;308.88;265.77;259.07;229.12;280.24;140.11;43.11;226.96;157.01;118.13;255.62;256.52;151.02;64.1;125.28;122.29;325.26;353.43;293.9;196.36;228.06;0;0;0;0;0;0;0;0;0;0;0;0;0;0;0;0;0;0;0;0;0;0;0;0;70.09;95.17;95.11;101.5;87.37;85.39;74.79;90.88;44.91;13.91;71.55;48.31;37.46;81.9;82.26;46.33;20.56;40.97;38.41;107.03;117.38;98.53;64.28;77.65;0;0;0;0;0;0;0;0;0;0;0;0;0;0;0;0;0;0;0;0;0;0;0;0
Frt04710;HARINAGRO;2859558;9/02/2022;P;187.63;83.05;80.82;47.59;71.93;54.45;206.17;83.81;0;0;0;0;0;0;0;0;0;0;0;0;0;0;0;0;0;0;0;0;0;0;0;0;0;0;0;0;0;0;0;0;0;0;0;0;0;0;0;0;62.8;27.31;26.73;15.89;24.8;18.61;67.39;27.36;0;0;0;0;0;0;0;0;0;0;0;0;0;0;0;0;0;0;0;0;0;0;0;0;0;0;0;0;0;0;0;0;0;0;0;0;0;0;0;0
Frt04710;HARINAGRO V1;2918017;9/04/2022;P;0;0;0;0;0;0;0;0;0;0;0;0;27.09;286.38;308.39;310.91;343.62;350.35;367.67;353.52;326.5;315.88;283.41;293.13;0;0;0;0;0;0;0;0;0;0;0;0;0;0;0;0;0;0;0;0;0;0;0;0;0;0;0;0;0;0;0;0;0;0;0;0;6.8;91.19;102.08;99.85;113.94;115.74;123.95;123.64;113.24;105.01;93.76;95.58;0;0;0;0;0;0;0;0;0;0;0;0;0;0;0;0;0;0;0;0;0;0;0;0
Frt04710;HARINAGRO V1;2918017;9/05/2022;P;292.25;293.31;251.87;236.77;215.75;159.44;115.2;147.87;146.9;131.29;149.87;142.6;102.22;140.58;198.86;201.26;184.16;247.9;295.63;338.81;333.94;297.36;310.05;325.22;0;0;0;0;0;0;0;0;0;0;0;0;0;0;0;0;0;0;0;0;0;0;0;0;96.3;96.68;84.6;76.12;73.28;49.77;37.33;53.57;51.17;44.73;50.85;49.39;36.43;37.44;58.61;58.75;53.86;78.46;99;117.07;115.67;99.43;104.63;109.46;0;0;0;0;0;0;0.02;0;0;0;0;0;0;0;0;0;0;0;0;0;0;0;0;0
Frt05111;ITALCOL GIRON PLANTA II PRINCIPAL ;38289350;9/01/2022;P;430.22;479.21;462.99;354.66;415.04;411.82;428.38;406.53;275.42;380.42;494.5;458.51;449.3;503.7;479.9;489.1;472.19;448.85;207.23;199.41;188.6;439.19;465.64;462.42;0;0;0;0;0;0;0;0;0;0;0;0;0;0;0;0;0;0;0;0;0;0;0;0;185.5;177.1;166.29;129.26;132.94;148.93;145.25;139.04;78.43;154.33;204.36;197;186.99;176.53;166.18;162.61;159.39;187.45;64.05;43.13;37.14;140.07;174.46;169.05;0;0;0;0;0;0;0;0;0;0;0;0;0;0;0;0;0;0;0;0;0;0;0;0
Frt05111;ITALCOL GIRON PLANTA II PRINCIPAL ;38289350;9/02/2022;P;454.25;438.61;400.32;432.63;443.33;447.58;402.16;396.87;451.72;398.59;422.28;530.61;518.77;508.19;467.94;409.63;508.07;481.74;457.82;467.36;442.29;408.6;454.02;353.97;0;0;0;0;0;0;0;0;0;0;0;0;0;0;0;0;0;0;0;0;0;0;0;0;155.48;143.52;129.61;137.31;160.77;160.54;139.73;134.78;151.46;145.94;163.99;218.73;216.89;209.64;192.51;163.99;205.05;200.56;190.21;195.96;152.26;157.67;186.19;131.45;0;0;0;0;0;0;0;0;0;0;0;0;0;0;0;0;0;0;0;0;0;0;0;0
Frt05111;ITALCOL GIRON PLANTA II PRINCIPAL ;38289350;9/03/2022;P;389.85;370.65;348.1;433.78;349.49;379.5;419.75;464.14;487.72;437.35;386.98;375.13;429.76;456.78;398.94;387.66;460.69;475.64;491.51;462.53;414.92;209.99;191.48;147.32;0;0;0;0;0;0;0;0;0;0;0;0;0;0;0;0;0;0;0;0;0;0;0;0;122.82;129.6;138.69;160.2;123.63;125.35;147.66;175.03;206.2;168.36;144.33;131.1;153.41;171.35;160.31;153.07;173.65;188.37;194.47;183.77;156.29;56.81;31.39;26.91;0;0;0;0;0;0;0;0;0;0;0;0;0;0;0;0;0;0;0;0;0;0;0;0.12
Frt05111;ITALCOL GIRON PLANTA II PRINCIPAL ;38289350;9/04/2022;P;71.99;27.94;19.55;19.67;19.2;19.32;52.67;58.08;55.55;63.37;89.7;77.63;94.3;76.02;238.4;440.68;180.55;331.09;248.05;410.44;438.96;404.34;428.15;378.81;0;0;0;0;0;0;0;0;0;0;0;0;0;0;0;0;0;0;0;0;0;0;0;0;12.77;3.91;2.07;2.07;1.26;1.26;8.4;9.2;9.08;12.08;13.92;12.42;15.53;15.76;77.85;181.58;48.19;84.64;80.73;134.67;145.71;138.11;142.14;128.92;0;0.23;0;0;0;0;0;0.12;0;0.12;0;0;0;0.12;0;0;0;0;0;0;0;0;0;0
Frt05111;ITALCOL GIRON PLANTA II PRINCIPAL ;38289350;9/05/2022;P;353.85;414.12;365.82;455.52;448.5;428.95;440.1;483;515.32;504.51;457.93;478.98;422.05;478.17;461.49;397.21;393.41;492.89;478.63;487.49;480.59;482.66;489.1;435.28;0;0;0;0;0;0;0;0;0;0;0;0;0;0;0;0;0;0;0;0;0;0;0;0;115.34;134.55;117.76;163.76;146.4;133.51;153.76;168.25;214.48;211.6;183.43;189.4;168.59;181.58;183.77;156.63;151.34;194.35;209.19;216.66;204.13;185.73;190.44;171.47;0;0;0;0;0;0;0;0;0;0;0;0;0;0;0;0;0;0;0;0;0;0;0;0
Frt05538;AGROPECUARIA ALFA 4 PRINCIPAL;32271912;9/01/2022;P;429.41;436.08;422.28;412.39;409.63;414.46;425.27;540.96;590.64;474.95;480.47;575.46;499.79;604.9;610.42;598.23;506.23;425.5;369.15;278.99;331.2;385.94;410.55;426.88;0;0;0;0;0;0;0;0;0;0;0;0;0;0;0;0;0;0;0;0;0;0;0;0;126.04;121.21;118.45;123.28;123.97;107.64;118.68;178.71;207.69;174.57;178.25;192.28;147.43;221.49;228.62;228.39;166.75;145.59;119.6;88.78;105.57;104.88;102.12;106.95;0;0;0;0;0;0;0;0;0;0;0;0;0;0;0;0;0;0;0;0;0;0;0;0
Frt05538;AGROPECUARIA ALFA 4 PRINCIPAL;32271912;9/02/2022;P;443.67;439.3;434.93;390.54;312.8;270.71;193.89;298.54;505.77;557.06;492.66;479.32;452.41;522.33;541.65;534.52;491.51;481.62;480.7;423.43;403.19;395.6;384.33;372.6;0;0;0;0;0;0;0;0;0;0;0;0;0;0;0;0;0;0;0;0;0;0;0;0;112.01;108.56;110.86;100.74;85.1;66.93;71.53;112.01;163.76;182.39;144.9;133.17;120.75;152.72;168.36;164.45;145.13;138.23;124.2;121.9;113.39;112.01;109.94;110.4;0;0;0;0;0;0;0;0;0;0;0;0;0;0;0;0;0;0;0;0;0;0;0;0
Frt05538;AGROPECUARIA ALFA 4 PRINCIPAL;32271912;9/03/2022;P;376.97;378.58;367.77;368.23;345;396.52;432.63;429.41;502.55;540.5;574.08;538.2;515.89;528.54;555.22;565.34;513.36;480.47;405.49;379.27;360.41;360.41;321.77;315.56;0;0;0;0;0;0;0;0;0;0;0;0;0;0;0;0;0;0;0;0;0;0;0;0;101.66;104.88;112.01;112.24;96.83;116.15;139.15;123.97;143.98;148.12;161.92;139.84;138;161.92;150.19;179.63;155.71;147.2;105.8;87.63;85.79;93.61;85.79;74.52;0;0;0;0;0;0;0;0;0;0;0;0;0;0;0;0;0;0;0;0;0;0;0;0
Frt05538;AGROPECUARIA ALFA 4 PRINCIPAL;32271912;9/04/2022;P;325.45;334.19;334.42;332.35;317.86;348.68;403.88;434.01;496.8;496.11;499.33;466.9;457.24;480.24;478.63;458.85;432.4;415.84;407.79;381.57;378.81;294.63;187.45;186.07;0;0;0;0;0;0;0;0;0;0;0;0;0;0;0;0;0;0;0;0;0;0;0;0;72.22;80.27;85.56;86.71;82.8;98.67;126.04;134.32;148.81;143.98;142.37;127.88;128.11;147.66;155.02;142.37;136.39;133.4;117.76;104.65;104.65;76.13;41.86;49.45;0;0;0;0;0;0;0;0;0;0;0;0;0;0;0;0;0;0;0;0;0;0;0;0
Frt05538;AGROPECUARIA ALFA 4 PRINCIPAL;32271912;9/05/2022;P;194.12;204.01;202.17;199.41;194.81;192.51;243.57;423.66;507.38;597.08;658.03;637.56;601.91;632.96;638.94;621.46;368.23;396.75;327.75;258.52;215.97;124.43;76.82;76.13;0;0;0;0;0;0;0;0;0;0;0;0;0;0;0;0;0;0;0;0;0;0;0;0;44.39;58.65;60.03;54.97;46.69;41.17;62.33;121.44;159.62;208.61;232.99;223.79;212.75;227.7;226.55;218.73;125.35;121.21;95.91;74.75;54.28;34.27;21.62;21.39;0;0;0;0;0;0;0;0;0;0;0;0;0;0;0;0;0;0;0;0;0;0;0;0
Frt05856;ITALCOL GIRARDOTA PRINCIPAL;2841119;9/01/2022;P;848.75;962.6;938.75;916.3;988.25;835.5;279.55;274.15;582.75;715.6;977.55;1036.9;1001.2;915.8;928.9;1059.8;960.4;645.35;166.8;138.5;412.25;851.7;782.5;596.5;0;0;0;0;0;0;0;0;0;0;0;0;0;0;0;0;0;0;0;0;0;0;0;0;334.2;378.5;361.3;358.55;383.3;333.05;93.4;89.15;183.8;255.7;382.15;402.05;392.8;368.3;367.35;398.9;363.55;220.45;53.9;37.3;112.6;307.7;300.6;251.55;0;0;0;0;0;0;0;0;0;0;0;0;0;0;0;0;0;0;0;0;0;0;0;0
Frt05856;ITALCOL GIRARDOTA PRINCIPAL;2841119;9/02/2022;P;735.35;892.4;851.4;855.1;885.05;658.55;270.3;291.65;298.35;480.15;1039.05;1042.8;1152.9;1095.55;840.2;686.05;990.5;639.6;235.95;128.4;494.8;504.3;880.25;795;0;0;0;0;0;0;0;0;0;0;0;0;0;0;0;0;0;0;0;0;0;0;0;0;285;359.45;324;342.65;356.1;272.55;93.65;87.5;107.25;211.45;399.75;396.9;435.8;418.55;321.75;293.5;361.25;208.65;64.5;30.1;146.2;150.05;305.6;308.9;0;0;0;0;0;0;0;0;0;0;0;0;0;0;0;0;0;0;0;0;0;0;0;0
Frt05856;ITALCOL GIRARDOTA PRINCIPAL;2841119;9/03/2022;P;814.95;442.6;806.65;997.7;1199.1;881.75;296.4;297.3;318.7;288.3;248.6;762.95;1027;1149.1;991.4;859.8;856.65;969.7;1156.3;803.3;853.35;467.4;64.7;37.65;0;0;0;0;0;0;0;0;0;0;0;0;0;0;0;0;0;0;0;0;0;0;0;0;306.35;169.3;293.9;366.05;447.8;345.75;106;112.9;116;103.2;100.85;297.2;383.05;432.1;391.65;339.7;339.7;387.8;431.9;309.85;321.55;162.25;15.85;3.25;0;0;0;0;0;0;0;0;0;0;0;0;0;0;0;0;0;0;0;0;0;0;0;0
Frt05856;ITALCOL GIRARDOTA PRINCIPAL;2841119;9/04/2022;P;29.6;27.2;26.7;26.8;26.7;26.55;31.1;49.45;49.5;47.4;47.1;51.05;52.5;56.45;34.25;33.15;32.95;29.55;30.7;25.9;24.65;24.55;24.2;24.1;0;0;0;0;0;0;0;0;0;0;0;0;0;0;0;0;0;0;0;0;0;0;0;0;0;0;0;0;0;0;0.65;2.85;3.15;3.1;2.75;3.1;3.2;3.85;0.25;0.6;0.4;0.1;0.05;0;0;0;0;0;1.05;1.75;1.85;2.25;2.8;2.25;1.4;0;0;0;0;0;0;0;0.1;0;0;0;0.3;0.95;1.05;0.95;0.9;1
Frt05856;ITALCOL GIRARDOTA PRINCIPAL;2841119;9/05/2022;P;23.85;23.75;23.65;23.95;54.4;65.95;336.65;1018.6;810.3;743.25;869.1;724.75;1072.5;954.15;693.75;870.2;704.45;581.1;755.15;902.9;1014.25;816.9;339.25;239.05;0;0;0;0;0;0;0;0;0;0;0;0;0;0;0;0;0;0;0;0;0;0;0;0;0;0;0;0;6.4;6.1;94.25;367.35;327.9;268.4;340.55;307.4;414.05;378.9;229.1;314.1;290.2;253.5;284.85;346.1;392.45;340.3;107;58.55;1.25;0.95;0.9;1;0.15;0;0;0;0;0;0;0;0;0;0;0;0;0;0;0;0;0;0;0
Frt06910;ITALCOL IBAGUE;2839470;9/01/2022;P;240.91;269.37;182.49;266.86;204.36;164.75;169.71;142.26;158.67;189.22;193.19;261.01;315.45;188.72;263.08;275.21;261.32;270.41;193.36;186.82;181.59;217.44;216.4;230.16;0;0;0;0;0;0;0;0;0;0;0;0;0;0;0;0;0;0;0;0;0;0;0;0;28.2;38.83;21.62;55.92;24.41;0.47;0.42;0.06;2.9;13.51;19.25;54.34;67.91;16.06;50.36;49.98;64.75;60.85;13.63;9.56;14.78;39.57;40.97;46.99;0;0;0;0;0;5.82;5.82;8.16;2.52;0.07;0;0;0;0;0;0;0;0;0;0;0;0;0;0
Frt06910;ITALCOL IBAGUE;2839470;9/02/2022;P;248.63;183.01;241.85;280.92;165.79;63.12;191.73;197.96;172.51;171.81;208.51;282.53;308.23;108.85;99.94;175.02;49.65;128.93;30.68;18.36;30.17;51.59;76.73;90.45;0;0;0;0;0;0;0;0;0;0;0;0;0;0;0;0;0;0;0;0;0;0;0;0;65.21;36.9;45.48;57.64;11.89;0.04;14.1;16.79;17.77;16.85;46.29;78.09;89.84;20.87;24.54;46.04;7.12;20.13;0;0;0;0;2.47;9.89;0;0;0;0;5.05;16.19;0;0;0.16;1.57;0;0;0;2.19;0;0;2.99;0.57;33.51;37.66;31.55;10.77;0.65;1.6
Frt06910;ITALCOL IBAGUE;2839470;9/03/2022;P;143.51;123.34;174.43;260.09;256.64;170.99;181.24;194.24;172.53;193.06;210.08;267.86;233.51;37.38;21.62;10.29;9.32;10.02;132.35;167.27;147.8;128.3;9.73;9.69;0;0;0;0;0;0;0;0;0;0;0;0;0;0;0;0;0;0;0;0;0;0;0;0;28.16;19.68;20.87;58.89;44.33;14.95;19.44;30.92;23.91;35.15;47.09;70.94;51.92;0.53;0;0;0;0;14.26;18.52;15.02;13.33;0;0;0;0;0.01;0;0;0;0;0;0;0;0;0;0;18.72;29.51;38.14;40.09;39.78;8.55;0;0.78;9.59;44.66;44
Frt06910;ITALCOL IBAGUE;2839470;9/04/2022;P;9.72;9.95;10.24;10.55;10.13;10.05;8.78;8.31;9.57;8.78;9;20.07;21.28;18.72;8.91;7.72;8.09;7.37;8.19;8.41;17.24;108.37;179.4;256.88;0;0;0;0;0;0;0;0;0;0;0;0;0;0;0;0;0;0;0;0;0;0;0;0;0;0;0;0;0;0;0;0;0;0;0;0;0;0;0;0;0;0;0;0;0;5.74;48.19;87.44;43.79;44.79;44.53;43.9;44.48;44.61;43.3;44.02;43.48;44.07;43.8;40.11;39.96;40.08;43.14;43.83;43.33;43.9;43.99;43.57;42.61;9.29;0;0
Frt06910;ITALCOL IBAGUE;2839470;9/05/2022;P;251.69;295.68;261.64;266.05;211.92;44.05;143.49;143.12;135.67;156.56;175.84;261.01;239.06;237.99;202.14;227.13;195.21;200.22;139.85;152.07;137.01;173.74;145.22;135.13;0;0;0;0;0;0;0;0;0;0;0;0;0;0;0;0;0;0;0;0;0;0;0;0;77.96;99.46;77.77;83.48;56.88;0.63;9.69;7.95;12.84;19.79;34.69;79.67;77.94;59.01;52.99;75.67;47.78;47.61;18.59;13.07;9.14;39.62;34.21;34.82;0;0;0;0;1.88;20.96;0;0.06;0;0;0;0;0;0;0;0;0;0;0.22;0.01;0.42;0;0;0
Frt07138;AVIFONCE SABANALARGA;37922276;9/01/2022;P;260.83;258.02;253.75;244.73;264.88;275.62;235.84;204.91;165.26;65.43;85.27;216.17;261.58;250.14;244.6;219.74;234.96;288.24;307.6;275.13;248.38;257.97;256.52;243.85;0;0;0;0;0;0;0;0;0;0.04;0.04;0;0;0;0;0;0;0;0;0;0;0;0;0;113.74;112.6;111.94;106.44;115.76;119.06;107.1;104.1;78.19;46.9;62.7;102.92;116.64;93.59;93.5;101.6;98.03;118.89;126.68;111.54;111.8;117.17;117.04;109.87;0;0;0;0;0;0;0;0;0;0;0;0;0;0;0;0;0;0;0;0;0;0;0;0
Frt07138;AVIFONCE SABANALARGA;37922276;9/02/2022;P;239.05;238.17;240.37;242.4;240.02;247.9;243.23;204.56;112.46;81.53;70.58;95.08;88.4;169.58;193.6;271.96;270.69;266.07;256.08;249.61;279.44;293.61;258.06;237.69;0;0;0;0;0;0;0;0;0;0;0;0.04;0;0;0;0;0;0;0;0;0;0;0;0;91.78;88.09;90.6;92.75;90.68;93.46;97.55;83.78;59.31;55.7;55.31;64.99;64.5;77;81.97;103.93;107.32;110.7;99.04;93.06;113.78;116.78;106.08;99.04;0;0;0;0;0;0;0;0;0;0;0;0;0;0;0;0;0;0;0;0;0;0;0;0
Frt07138;AVIFONCE SABANALARGA;37922276;9/03/2022;P;240.94;242.62;239.71;232.54;243.98;274.65;262.55;184.49;117.17;44.53;48.71;64.28;83.34;135.56;155.36;196.77;228.67;281.34;289.26;265.45;247.94;250.45;260.17;260.04;0;0;0;0;0;0;0;0;0;0;0;0;0;0;0;0;0;0;0;0;0;0;0;0;103.18;105.34;105.2;99.62;103.22;115.46;101.77;74.71;59.05;42.2;45.72;50.07;56.94;68.99;71.94;83.12;89.98;107.14;108.5;110.18;105.69;106.26;111.23;112.33;0;0;0;0;0;0;0;0;0;0;0;0;0;0;0;0;0;0;0;0;0;0;0;0
Frt07138;AVIFONCE SABANALARGA;37922276;9/04/2022;P;259.82;245.26;240.42;236.76;234.17;226.56;200.64;136.36;63.23;9.33;33.88;25.08;60.54;83.03;129.01;164.56;192.46;230.82;257.62;250.05;250.36;257.22;269.85;261.93;0;0;0;0;0;0;0;0;0;0.04;0.09;0.09;0.04;0;0;0;0;0;0;0;0;0;0;0;113.08;105.73;104.02;102.21;99.88;97.81;72.64;54.12;39.56;26.05;31.68;32.21;38.63;43.78;55.44;67.41;78.63;88.75;106.13;110.13;108.28;110.88;117.92;117.35;0;0;0;0;0;0;0;0;0;0;0;0;0;0;0;0;0;0;0;0;0;0;0;0
Frt07138;AVIFONCE SABANALARGA;37922276;9/05/2022;P;256.83;261.54;261.05;260.96;256.26;272.18;261.49;224.36;134.16;102.7;95.96;149.25;48.84;54.21;149.34;274.34;267.52;290.27;307.21;284.99;264.04;264.75;274.82;275;0;0;0;0;0;0;0;0;0;0;0;0.04;0;0;0;0;0;0;0;0;0;0;0;0;100.8;102.78;114.18;116.73;100.58;109.74;117.13;94.29;73.61;64.81;54.91;71.28;51.17;50.16;73.57;107.1;100.85;110.53;132.26;109.52;97.64;99.7;120.56;120.87;0;0;0;0;0;0;0;0;0;0;0;0;0;0;0;0;0;0;0;0;0;0;0;0
Frt07217;ITALCOL MASCOTAS PRINCIPAL;38289438;9/01/2022;P;1104;888;624;528;360;264;216;216;216;192;216;216;192;192;192;216;0;144;168;168;216;264;192;216;0;0;0;0;0;0;0;0;0;0;0;0;0;0;0;0;0;0;0;0;0;0;0;0;384;288;144;144;96;72;72;72;72;48;72;48;72;72;72;72;0;48;48;48;48;72;48;72;0;0;0;0;0;0;0;0;0;0;0;0;0;0;0;0;0;0;0;0;0;0;0;0
Frt07217;ITALCOL MASCOTAS PRINCIPAL;38289438;9/02/2022;P;168;192;168;192;288;360;432;480;528;528;552;576;648;624;696;696;648;768;672;672;552;696;552;672;0;0;0;0;0;0;0;0;0;0;0;0;0;0;0;0;0;0;0;0;0;0;0;0;24;72;48;48;72;96;120;120;168;144;144;168;192;168;216;216;168;216;216;168;144;192;168;168;0;0;0;0;0;0;0;0;0;0;0;0;0;0;0;0;0;0;0;0;0;0;0;0
Frt07217;ITALCOL MASCOTAS PRINCIPAL;38289438;9/03/2022;P;696;528;648;984;888;648;576;528;528;528;648;768;672;600;744;624;552;648;600;648;528;480;504;600;0;0;0;0;0;0;0;0;0;0;0;0;0;0;0;0;0;0;0;0;0;0;0;0;216;144;168;288;240;192;144;144;144;144;192;216;192;168;216;168;168;168;168;192;144;120;144;144;0;0;0;0;0;0;0;0;0;0;0;0;0;0;0;0;0;0;0;0;0;0;0;0
Frt07217;ITALCOL MASCOTAS PRINCIPAL;38289438;9/04/2022;P;768;936;744;720;768;936;768;816;816;744;744;720;768;768;792;888;648;792;816;576;672;744;600;600;0;0;0;0;0;0;0;0;0;0;0;0;0;0;0;0;0;0;0;0;0;0;0;0;216;264;216;192;216;264;216;216;216;216;192;216;216;192;216;240;192;216;216;144;192;192;168;144;0;0;0;0;0;0;0;0;0;0;0;0;0;0;0;0;0;0;0;0;0;0;0;0
Frt07217;ITALCOL MASCOTAS PRINCIPAL;38289438;9/05/2022;P;696;768;1056;1128;1104;864;912;1104;816;1032;936;960;984;960;1104;1080;1200;1080;1080;1128;1152;1104;1080;1296;0;0;0;0;0;0;0;0;0;0;0;0;0;0;0;0;0;0;0;0;0;0;0;0;192;216;360;360;336;240;264;360;288;336;336;288;336;360;360;336;408;336;312;360;360;336;336;408;0;0;0;0;0;0;0;0;0;0;0;0;0;0;0;0;0;0;0;0;0;0;0;0
Frt07566;ITALCOL NEIVA PRINCIPAL;2841246;9/01/2022;P;1226.84;1046.61;1128.78;1302.34;1301.18;1093.41;963.99;1112.94;1247.18;1206.09;1181.34;1265.31;1422.9;1273.28;1549.53;1405.98;1609.25;1706.63;1454.9;1447.43;1345.1;1507.14;1220.22;920.48;0;0;0;0;0;0;0;0;0;0;0;0;0;0;0;0;0;0;0;0;0;0;0;0;531.77;427.95;407.16;553.82;561.91;398.12;350.55;412.6;418.95;496.62;522.41;419.76;493.88;429.53;547.11;513.27;598.68;560.79;496.71;484.25;464.49;535.77;448.43;329.36;0;0;0;0;0;0;0;0;0;0;0;0;0;0;0;0;0;0;0;0;0;0;0;0
Frt07566;ITALCOL NEIVA PRINCIPAL;2841246;9/02/2022;P;1124.96;1184.31;1112.49;1336.72;1272.15;970.52;471.74;636.26;767.7;827.01;981.95;1021.91;926.42;641.66;766.17;1112.31;868.1;946.94;760.68;898.34;1195.78;1115.55;977.49;833.54;0;0;0;0;0;0;0;0;0;0;0;0;0;0;0;0;0;0;0;0;0;0;0;0;395.1;410.09;393.39;459.5;440.1;338.22;189.99;202.28;315.99;289.94;278.77;395.05;289.08;180.32;216.09;312.66;246.11;265.5;214.02;257.04;334.35;320.94;310.95;243.32;0;0;0;0;0;0;0;0;0;0;0;0;0;0;0;0;0;0;0;0;0;0;0;0
Frt07566;ITALCOL NEIVA PRINCIPAL;2841246;9/03/2022;P;814.23;969.12;702;924.21;874.89;604.31;383.9;622.08;1012.91;1148;1289.52;1420.38;1472.49;816.84;1020.42;1197.27;1404.99;1407.87;944.1;1097.87;1050.3;788.04;846.63;1206.86;0;0;0;0;0;0;0;0;0;0;0;0;0;0;0;0;0;0;0;0;0;0;0;0;224.96;302.85;220.36;409.86;353.79;165.24;108.54;237.51;391.86;390.6;424.89;494.6;512.51;277.07;412.56;481.86;545.67;572.27;331.2;371.61;367.88;268.88;297.27;404.96;0;0;0;0;0;0;0.59;0;0;0;0;0;0;0;0;0;0;0;0;0;0;0;0;0
Frt07566;ITALCOL NEIVA PRINCIPAL;2841246;9/04/2022;P;1068.3;765.41;621.68;623.39;496.08;252.36;89.55;88.83;90.68;95.27;101.61;97.97;104.81;96.84;100.13;98.82;97.79;97.34;102.65;132.07;156.83;250.43;375.44;430.43;0;0;0;0;0;0;0;0;0;0;0;0;0;0;0;0;0;0;0;0;0;0;0;0;349.42;284.49;210.24;201.51;151.61;76.19;28.44;28.49;28.44;30.82;34.61;30.69;34.25;33.66;35.19;31.1;29.21;28.89;30.46;42.93;53.42;83.75;113.81;124.29;0;0;0;0;0;0.09;0;0;0;0;0;0;0;0;0;0;0;0;0;0;0;0;0.59;0
Frt07566;ITALCOL NEIVA PRINCIPAL;2841246;9/05/2022;P;785.43;1164.92;1186.74;1337.27;1279.85;1106.73;853.7;1048.05;733.64;535.68;611.82;434.79;329.54;435.83;260.87;255.96;286.07;290.84;300.78;218.07;495.9;691.92;484.34;468.77;0;0;0;0;0;0;0;0;0;0;0;0;0;0;0;0;0;0;0;0;0;0;0;0;222.12;363.33;366.17;386.64;362.34;310.32;242.01;280.44;183.92;143.46;156.02;116.78;89.42;114.3;71.64;65.66;75.65;79.7;89.82;62.42;144.86;206.91;138.96;124.15;0;0;0;0;0;0;0;0;0;0;0;0.5;0;0;0;0;1.04;0;0;0;0.99;0;0.23;0
Frt20388;ITALCOL SAN MARINO FLANDES V1;2910140;9/01/2022;P;252.88;250.89;248.12;248.56;244.76;245.82;240.36;200.41;113.09;48.79;53.95;46.55;71.71;48.02;102.24;165.82;260.46;353.48;344.1;328.38;291.87;276.98;258.11;254.52;0;0;0;0;0;0;0;0;0;0.11;25.44;34.36;9.4;1.71;0;0;0;0;0;0;0;0;0;0;83.49;83.17;83.94;84.62;79.47;79.65;75.6;69.45;48.31;34.99;34.53;30.44;45.19;49;63.97;79.57;107.14;128.72;124.86;122.49;102.98;95.45;84.23;78.9;0;0;0;0;0;0;0;0;0;0;0.08;0.1;0;0;0;0;0;0;0;0;0;0;0;0
Frt20388;ITALCOL SAN MARINO FLANDES V1;2910140;9/02/2022;P;257.72;260.37;260.73;258.02;250.89;249.16;245.06;252.06;187.71;83.09;33.63;8.39;91.73;186.01;90.34;182.22;277.7;306.83;327.24;310.3;304.04;294.76;288.15;284.35;0;0;0;0;0;0;0;0;0;10.35;25.99;59.5;13.2;0;13.63;1.13;0;0;0;0;0;0;0;0;81.25;83.95;83.96;83.01;80.34;75.96;70.69;70.82;57.21;31.14;20.44;9.94;40.87;66.1;44.86;74.68;108.21;113.37;123.45;113.44;116.96;108.53;107.48;102.89;0;0;0;0;0;0;0;0;0;0.26;0.99;1.12;0.13;0;0;0;0;0;0;0;0;0;0;0
Frt20388;ITALCOL SAN MARINO FLANDES V1;2910140;9/03/2022;P;304.59;290.84;289.22;286.47;276.35;263.85;242.02;175.75;115.85;98.87;47.98;48.77;71.35;59.48;47.76;171.12;287.17;318.58;314.19;307.45;311.16;304.04;289.31;286.21;0;0;0;0;0;0;0;0;5.78;0.88;55.37;22.62;6.22;21.2;35.73;4.38;0;0;0;0;0;0;0;0;108.64;96.78;96.44;96.29;89.89;84.28;64.14;52.85;40.43;36.82;18.43;21.89;34.94;28.78;22.44;61.82;89.62;98.17;99.09;97.44;99.89;99.36;89.29;94.71;0;0;0;0;0;0;0;0;0.09;0;3.41;0.91;0.06;0.64;1.58;0.03;0;0;0;0;0;0;0;0
Frt21318;RIVERPORT ALIMENTO RESPALDO;38289442;9/01/2022;P;1345.5;1242;1725;1552.5;1552.5;1173;1138.5;1138.5;1138.5;1242;1311;1311;1276.5;1104;1242;1276.5;1276.5;1345.5;1414.5;1207.5;1414.5;1380;1518;1621.5;0;0;0;0;0;0;0;0;0;0;0;0;0;0;0;0;0;0;0;0;0;0;0;0;483;414;655.5;586.5;552;414;379.5;414;379.5;448.5;483;517.5;483;379.5;414;448.5;448.5;517.5;483;414;517.5;483;552;586.5;0;0;0;0;0;0;0;0;0;0;0;0;0;0;0;0;0;0;0;0;0;0;0;0
Frt21318;RIVERPORT ALIMENTO RESPALDO;38289442;9/02/2022;P;1345.5;1690.5;1552.5;1311;1380;1621.5;1311;1311;1173;1138.5;1380;1276.5;1345.5;1518;1414.5;1242;1518;1483.5;1552.5;1552.5;1794;1449;1621.5;1552.5;0;0;0;0;0;0;0;0;0;0;0;0;0;0;0;0;0;0;0;0;0;0;0;0;483;586.5;552;483;517.5;621;448.5;448.5;414;414;483;448.5;483;552;483;448.5;586.5;552;552;621;655.5;552;586.5;552;0;0;0;0;0;0;0;0;0;0;0;0;0;0;0;0;0;0;0;0;0;0;0;0
Frt21318;RIVERPORT ALIMENTO RESPALDO;38289442;9/03/2022;P;1242;1414.5;1518;1828.5;1725;1449;1414.5;1449;1483.5;1449;1656;1621.5;1380;1518;1690.5;1552.5;1759.5;1276.5;1621.5;1518;1242;1242;1552.5;1380;0;0;0;0;0;0;0;0;0;0;0;0;0;0;0;0;0;0;0;0;0;0;0;0;448.5;552;586.5;724.5;690;586.5;517.5;517.5;586.5;621;621;655.5;517.5;552;586.5;552;690;483;586.5;552;414;483;552;517.5;0;0;0;0;0;0;0;0;0;0;0;0;0;0;0;0;0;0;0;0;0;0;0;0
Frt21318;RIVERPORT ALIMENTO RESPALDO;38289442;9/04/2022;P;1725;1518;1449;1794;1414.5;621;172.5;172.5;207;172.5;172.5;172.5;138;172.5;138;103.5;138;138;138;138;138;379.5;1000.5;1345.5;0;0;0;0;0;0;0;0;0;0;0;0;0;0;0;0;0;0;0;0;0;0;0;0;621;552;517.5;690;517.5;207;34.5;69;34.5;69;34.5;34.5;34.5;34.5;34.5;34.5;34.5;34.5;34.5;34.5;34.5;138;345;483;0;0;0;0;0;0;0;0;0;0;0;0;0;0;0;0;0;0;0;0;0;0;0;0
Frt21318;RIVERPORT ALIMENTO RESPALDO;38289442;9/05/2022;P;1380;1276.5;931.5;1000.5;1000.5;793.5;1276.5;897;1138.5;1242;1173;1138.5;1000.5;1414.5;1311;1104;1311;1138.5;1449;1380;1345.5;1380;1552.5;1345.5;0;0;0;0;0;0;0;0;0;0;0;0;0;0;0;0;0;0;0;0;0;0;0;0;483;448.5;310.5;379.5;379.5;276;448.5;310.5;414;448.5;414;379.5;345;483;483;379.5;448.5;414;517.5;483;483;483;621;517.5;0;0;0;0;0;0;0;0;0;0;0;0;0;0;0;0;0;0;0;0;0;0;0;0
Frt21319;RIVER PUERTO PRINCIPAL;38289439;9/01/2022;P;255;329.1;210.6;236.4;238.2;220.8;218.1;246;261;180.3;226.2;236.4;217.2;275.4;256.8;417.3;258.6;436.5;387;375.3;378.6;372.9;321;347.4;0;0;0;0;0;0;0;0;0;0;0;0;0;0;0;0;0;0;0;0;0;0;0;0;84.3;104.7;73.8;81.6;84.3;81.3;74.7;82.8;90.6;61.5;78.3;82.2;74.4;89.1;84.6;128.7;81.3;137.7;125.1;120.3;120;117.9;100.8;111.6;0;0.3;0;0;0.3;0;0;0;0;0;0;0;0.3;0;0;0;0;0;0;0;0;0;0;0
Frt21319;RIVER PUERTO PRINCIPAL;38289439;9/02/2022;P;319.5;323.7;341.4;292.8;320.4;288;308.4;342.3;363.9;349.5;326.7;307.5;276.6;264.6;231;329.7;310.8;318.3;253.2;205.2;270.6;227.7;205.8;219.9;0;0;0;0;0;0;0;0;0;0;0;0;0;0;0;0;0;0;0;0;0;0;0;0;102.6;105;113.7;96.6;107.4;97.8;100.8;109.2;117.3;108.9;99.6;97.2;88.5;81.9;75.3;104.1;101.4;105.9;85.8;69;89.1;78.6;70.5;70.2;0;0;0;0;0;0;0;0;0;0;0;0;0.3;0;0;0;0;0;0;0;0;0;0;0
Frt21319;RIVER PUERTO PRINCIPAL;38289439;9/03/2022;P;288.3;229.2;265.8;240.6;217.8;240;249.3;220.5;253.8;233.4;232.8;216.6;177.9;243;268.5;274.8;250.5;239.1;221.4;231;245.1;222.9;234.3;273.9;0;0;0;0;0;0;0;0;0;0;0;0;0;0;0;0;0;0;0;0;0;0;0;0;91.8;76.5;86.1;78.6;70.2;73.2;74.1;61.2;77.4;67.5;69.9;60.9;56.1;74.4;84.3;81.9;76.5;69.3;67.5;67.2;73.5;66.6;68.7;81;0;0;0;0;0.3;0;0;0;0;0;0;0.3;0;0;0;0;0;0;0;0;0;0;0;0
Frt21319;RIVER PUERTO PRINCIPAL;38289439;9/04/2022;P;247.8;217.5;267.3;251.4;226.2;238.8;194.1;195.3;198;182.4;183.6;201.6;189.3;199.8;193.5;179.7;158.1;93.3;101.7;102.9;153.3;130.5;228;215.4;0;0;0;0;0;0;0;0;0;0;0;0;0;0;0;0;0;0;0;0;0;0;0;0;75.3;66.9;82.2;78.6;71.1;70.2;62.4;61.5;63.3;56.4;55.5;57;54.9;56.4;53.1;56.1;48.6;32.1;28.8;27.3;45.9;40.8;69.9;67.2;0;0;0;0;0;0;0;0;0;0;0.6;0;0;0;0;0;0.3;0;0;0;0;0;0;0
Frt21319;RIVER PUERTO PRINCIPAL;38289439;9/05/2022;P;226.8;226.5;251.4;248.7;209.7;217.8;264;236.1;246;225.3;210.9;240;171.3;184.2;220.2;225;219.3;195.3;182.1;159.6;140.4;213;301.2;307.8;0;0;0;0;0;0;0;0;0;0;0;0;0;0;0;0;0;0;0;0;0;0;0;0;75;79.8;81.3;80.4;67.5;72.6;83.7;74.4;78.3;71.1;73.8;77.4;57.3;62.7;76.2;76.5;74.4;66;67.5;58.8;55.8;70.2;91.8;96;0.3;0;0;0;0;0;0.3;0.3;0;0;0;0;0;0;0.3;0;0.3;0;0;0.3;0;0;0;0
Frt24857;ITALCOL PEREIRA RESPALDO;2839472;9/01/2022;P;396.46;416.59;451.95;317.4;291.24;371.74;545.39;613.81;605.76;807.88;796.09;614.96;721.34;426.65;690.58;471.21;680.8;347.59;443.9;656.36;688.85;475.53;511.46;49.74;0;0;0;0;0;0;0;0;0;0;0;0;0;0;0;0;0;0;0;0;0;0;0;0;156.4;171.35;179.4;119.6;110.4;144.61;226.26;267.38;257.89;358.22;347.3;260.19;313.09;172.21;299.86;199.24;289.23;140.01;187.16;279.16;295.55;194.35;209.01;2.59;0;0.57;0.29;0;1.15;0;0;0;0;0;0;0;0;0;0;0;0;0.29;0;0;0;0.86;1.15;0
Frt24857;ITALCOL PEREIRA RESPALDO;2839472;9/02/2022;P;38.81;39.39;26.45;18.4;92;401.92;500.83;706.1;427.23;472.65;455.97;694.31;418.03;670.16;410.84;596.28;458.28;691.44;730.54;649.75;499.67;783.44;539.64;36.8;0;0;0;0;0;0;0;0;0;0;0;0;0;0;0;0;0;0;0;0;0;0;0;0;1.73;4.89;0.57;0;25.88;164.16;204.7;305.9;171.64;192.91;188.31;302.45;165.6;282.61;161.86;248.69;190.04;295.55;317.69;274.85;205.28;349.03;226.84;8.05;0.86;0.86;2.3;2.59;0.86;0;0;0;0.29;0;0;0;0;0;0;0.57;0;0;0;0;0;0;1.73;4.89
Frt24857;ITALCOL PEREIRA RESPALDO;2839472;9/03/2022;P;47.15;39.39;18.4;18.11;52.32;396.75;440.74;669.3;886.08;638.83;854.16;589.09;725.94;720.76;487.31;634.51;98.61;268.24;655.21;480.13;674.47;449.08;571.84;20.7;0;0;0;0;0;0;0;0;0;0;0;0;0;0;0;0;0;0;0;0;0;0;0;0;3.16;3.16;0;0;9.49;155.83;179.4;278.88;401.93;273.13;384.1;253.58;322.58;316.54;199.52;272.84;41.98;104.36;277.44;202.4;289.23;182.85;244.09;1.15;0;0.86;2.59;2.3;1.44;0;0;0;0;0;0;0;0;0;0.86;0;0;0;0;0;0;0;0.29;2.3
Frt24857;ITALCOL PEREIRA RESPALDO;2839472;9/04/2022;P;14.95;15.24;15.53;15.24;15.24;14.66;23.58;39.1;37.95;37.38;36.8;24.73;14.09;14.38;12.94;13.23;12.65;12.94;15.81;14.95;13.8;23.58;48.3;47.15;0;0;0;0;0;0;0;0;0;0;0;0;0;0;0;0;0;0;0;0;0;0;0;0;0;0;0;0;0;0;2.3;2.3;1.73;2.01;2.3;0.57;0;0;0;0;0;0;0;0;0;1.15;2.01;1.73;2.3;1.73;1.73;1.73;2.01;1.73;1.15;0;0;0;0;1.44;2.3;2.59;2.3;2.59;2.3;2.59;3.16;2.88;2.88;2.01;0;0
Frt24857;ITALCOL PEREIRA RESPALDO;2839472;9/05/2022;P;46.29;36.8;21.85;22.14;27.03;184.29;436.71;692.3;446.49;409.4;760.72;502.84;694.89;635.66;487.6;442.18;630.78;396.46;457.41;764.75;435.56;662.11;674.76;82.23;0;0;0;0;0;0;0;0;0;0;0;0;0;0;0;0;0;0;0;0;0;0;0;0;0.86;0.57;0;0;0.57;62.96;174.8;301.3;177.1;165.03;338.39;209.01;296.41;272.26;206.43;187.16;270.54;154.68;184;332.92;173.94;279.45;282.61;20.13;0;1.44;4.31;4.03;3.45;2.01;0;0;1.15;0.86;0;0;0;0;0;0;0.29;0;0;0;2.01;0;0;2.01
Frt27027;ITALCOL PALMIRA PRINCIPAL V1;83692689;9/01/2022;P;690.84;882.72;847.62;856.8;883.26;850.14;716.4;727.92;743.58;849.06;870.12;787.86;963.18;858.6;817.2;636.84;58.32;205.2;609.3;635.58;557.28;534.42;541.44;650.88;0;0;0;0;0;0;0;0;0;0;0;0;0;0;0;0;0;0;0;0;0;0;0;0;196.56;319.86;300.6;307.62;323.64;289.98;235.08;261.36;240.12;326.16;378.54;353.16;417.78;287.46;228.06;162.72;12.6;43.02;206.82;205.92;134.1;148.14;154.8;190.8;0;0;0;0;0;0;0;0;0;0;0;0;0;0;0;0;0;0.9;0;0;0;0;0;0
Frt27027;ITALCOL PALMIRA PRINCIPAL V1;83692689;9/02/2022;P;586.62;551.88;643.14;601.74;570.6;526.32;598.5;455.58;557.28;764.46;589.32;626.04;576.9;539.82;608.22;529.56;350.28;380.16;351.36;314.1;382.68;525.6;589.5;619.02;0;0;0;0;0;0;0;0;0;0;0;0;0;0;0;0;0;0;0;0;0;0;0;0;185.04;176.76;211.86;188.46;151.2;120.78;158.76;100.08;157.14;254.16;188.1;185.4;125.1;123.84;158.4;122.94;64.44;218.52;69.48;51.66;66.78;116.28;150.48;214.74;0;0;0;0;0;0;0;0;0;0;0;0;0;0;0;0.18;0.36;0.36;0.18;0.72;0.18;0;0;0
Frt27027;ITALCOL PALMIRA PRINCIPAL V1;83692689;9/03/2022;P;669.24;736.56;622.08;737.64;695.7;697.5;712.26;611.64;650.7;825.66;912.96;863.1;910.44;831.6;734.04;810.36;644.58;602.46;580.86;519.12;681.3;637.02;514.98;698.22;0;0;0;0;0;0;0;0;0;0;0;0;0;0;0;0;0;0;0;0;0;0;0;0;295.38;324;281.16;311.58;281.52;259.02;250.74;237.6;284.22;382.14;409.68;387.72;398.7;379.08;317.52;290.88;142.02;123.84;116.82;100.26;157.68;145.62;125.64;239.22;0;0;0;0;0;0;0;0;0;0;0;0;0;0;0;0;0;0;0;0.18;0;0;0;0
Frt27027;ITALCOL PALMIRA PRINCIPAL V1;83692689;9/04/2022;P;598.68;627.66;537.12;405.18;447.48;434.16;106.92;97.2;108;106.92;113.22;103.86;103.68;103.14;103.5;99.18;98.82;114.66;243.72;550.44;600.84;485.28;487.26;539.82;0;0;0;0;0;0;0;0;0;0;0;0;0;0;0;0;0;0;0;0;0;0;0;0;195.12;206.64;195.12;128.34;105.84;100.8;1.26;0.54;1.26;0.54;6.3;2.7;5.04;1.8;0.54;0.54;0.54;1.44;40.5;133.74;163.62;116.82;113.58;122.04;0;0;0;0;0;0.18;19.08;22.5;19.08;20.7;17.28;20.34;18.54;20.7;20.88;22.86;23.94;19.08;2.88;0;0;0;0;0
Frt27027;ITALCOL PALMIRA PRINCIPAL V1;83692689;9/05/2022;P;566.1;442.44;545.94;499.68;441.18;548.1;489.42;520.02;674.28;773.64;733.32;808.2;830.16;639.72;515.7;614.16;682.74;547.38;552.06;654.3;647.1;588.42;531.9;505.44;0;0;0;0;0;0;0;0;0;0;0;0;0;0;0;0;0;0;0;0;0;0;0;0;135;94.86;144.54;129.78;103.32;127.44;110.52;131.4;195.66;250.92;227.52;296.82;285.12;177.3;110.34;162.36;238.14;172.62;152.82;222.48;180.9;163.26;156.24;121.5;0;0;0;0;0;0;0;0;0;0;0;0;0;0;0;0;0;0;0;0;0;0;0;0
Frt32334;CONCENTRADOS CRESTA ROJA LTDA. PRINCIPAL;2859838;9/01/2022;P;507.65;526.63;493.9;424.88;379.5;475.42;214.45;215.11;380.22;593.01;468.16;539.99;501.38;533.67;544.39;518.32;607.2;243.05;236.78;236.28;354.15;504.19;308.55;480.15;0;0;0;0;0;0;0;0;0;0;0;0;0;0;0;0;0;0;0;0;0;0;0;0;122.38;130.79;137.23;139.92;102.36;133.26;63.53;59.18;121.77;191.57;159.45;163.41;170.12;157.3;158.79;164.95;155.38;43.95;58.74;65.51;119.24;153.56;125.73;132.88;0;0;0;0;0;0;0;0;0;0;0;0;0;0;0;0;0;0;0;0;0;0;0;0
Frt32334;CONCENTRADOS CRESTA ROJA LTDA. PRINCIPAL;2859838;9/02/2022;P;376.53;401.94;443.03;478.5;592.13;472.34;188.32;128.43;179.52;282.48;186.45;186.23;283.75;328.13;370.32;236.23;265.54;173.64;148.89;157.3;335.5;431.15;440.11;493.68;0;0;0;0;0;0;0;0;0;0;0;0;0;0;0;0;0;0;0;0;0;0;0;0;97.68;110.16;135.25;130.4;162.03;132.72;52.47;38.39;73.98;87.73;68.7;68.81;97.9;104.94;122.1;72.49;77.5;57.37;30.69;35.92;113.58;150.15;145.2;155.54;0;0;0;0;0;0;0;0;0;0;0;0;0;0;0;0;0;0;0;0;0;0;0;0
Frt32334;CONCENTRADOS CRESTA ROJA LTDA. PRINCIPAL;2859838;9/03/2022;P;360.41;436.54;527.51;588.72;558.08;473.61;392.54;437.03;489.61;489.94;573.76;473.61;396.93;222.8;153.84;142.67;133.93;98.29;97.18;84.98;80.36;67.98;32.95;33.17;0;0;0;0;0;0;0;0;0;0;0;0;0;0;0;0;0;0;0;0;0;0;0;0;106.98;120.51;137.45;151.86;138.22;112.09;126.67;141.73;144.65;166.93;182.49;196.52;177.21;91.52;58.8;32.5;28.65;19.74;16.34;19.25;16.72;10.73;0;0;0;0;0;0;0;0;0;0;0;0;0;0;0;0;0;0;0;0;0;0;0;1.26;14.08;14.14
Frt32334;CONCENTRADOS CRESTA ROJA LTDA. PRINCIPAL;2859838;9/04/2022;P;32.67;29.81;25.9;25.08;25.19;24.97;34.93;41.75;42.85;41.8;63.97;93.28;95.76;86.02;73.81;69.69;69.63;67.32;66.99;66.28;63.97;62.54;64.68;64.13;0;0;0;0;0;0;0;0;0;0;0;0;0;0;0;0;0;0;0;0;0;0;0;0;0;0;0;0;0;0;4.46;6.11;4.35;3.96;12.27;25.13;28.66;33.77;19.14;14.69;14.58;13.15;10.45;9.74;8.03;6.11;6.38;5.17;14.14;15.4;17.22;17.44;17.66;16.67;2.86;0;0.22;0.17;0;0;0;0;0;0;0;0;0;0;0;0;0;0
Frt32334;CONCENTRADOS CRESTA ROJA LTDA. PRINCIPAL;2859838;9/05/2022;P;64.79;64.35;65.07;89.98;101.69;118.2;158.95;222.04;267.19;444.4;428.29;485.93;435.38;480.59;354.04;404.47;329.18;297.72;100.21;93.61;134.2;333.25;289.03;306.52;0;0;0;0;0;0;0;0;0;0;0;0;0;0;0;0;0;0;0;0;0;0;0;0;5.17;4.89;5.34;8.09;8.36;26.4;38.61;56.76;90.04;145.97;173.09;157.69;136.73;128.32;90.75;126.12;108.85;76.29;29.04;25.96;47.47;102.63;86.96;108.02;0;0;0;0;0;0;0;0;0;0;0;0;0;0;0;0;0;0;0;0;0;0;0;0
Frt34676;SOCIEDAD PORTUARIA COQUECOL PRINCIPAL;2869398;9/01/2022;P;40.13;40.5;40.2;39.75;39.98;39.9;24.08;22.05;50.4;57.15;67.57;55.28;34.2;36.9;201.68;240;202.35;169.58;239.33;286.43;132.67;222.3;118.88;173.55;0;0;0;0;0;0;0;0;0;0;0;0;0;0;0;0;0;0;0;0;0;0;0;0;4.8;5.33;5.78;6.08;6.08;6.68;1.88;1.13;23.78;29.63;31.43;19.28;4.43;3.68;65.85;83.1;75.38;61.43;77.18;94.43;50.18;78.6;37.5;60.08;0;0;0;0;0;0;0.38;0.67;0;0;0;0;0;0;0;0;0;0;0;0;0;0;0;0
Frt34676;SOCIEDAD PORTUARIA COQUECOL PRINCIPAL;2869398;9/02/2022;P;158.33;241.88;228;215.25;276;219.6;241.65;249.08;105.98;35.4;100.5;223.8;219.45;198.9;228.3;220.2;203.55;221.33;248.93;227.78;65.03;201.9;256.58;249.52;0;0;0;0;0;0;0;0;0;0;0;0;0;0;0;0;0;0;0;0;0;0;0;0;57.23;88.65;87;85.65;96.23;84.08;87.45;107.7;34.95;4.2;29.78;76.88;76.65;72.98;82.58;75.38;75.23;81.08;86.18;81.3;13.73;79.73;102.6;101.32;0;0;0;0;0;0;0;0;0;0;0;0;0;0;0;0;0;0;0;0;0;0;0;0
Frt34676;SOCIEDAD PORTUARIA COQUECOL PRINCIPAL;2869398;9/03/2022;P;250.13;234.98;219.68;158.63;166.35;149.85;65.03;30.15;34.28;35.63;157.35;213.68;205.5;182.63;208.88;248.93;134.03;224.55;171.68;226.95;86.85;85.5;84.53;83.93;0;0;0;0;0;0;0;0;0;0;0;0;0;0;0;0;0;0;0;0;0;0;0;0;101.7;99.08;96.23;68.25;70.65;64.28;21.75;1.2;2.7;2.1;62.85;90.53;89.77;84.08;83.63;90.53;56.25;100.65;86.7;103.42;32.55;32.48;31.95;32.1;0;0;0;0;0;0;0.98;0.68;0;0;0;0;0;0;0;0;0;0;0;0;0;0;0;0
Frt34676;SOCIEDAD PORTUARIA COQUECOL PRINCIPAL;2869398;9/04/2022;P;84.38;136.57;221.7;75.08;40.8;41.78;24.68;21.83;21.45;23.1;21.97;22.28;23.25;23.1;22.95;23.63;23.18;28.88;43.8;41.55;41.33;41.4;40.65;40.65;0;0;0;0;0;0;0;0;0;0;0;0;0;0;0;0;0;0;0;0;0;0;0;0;32.63;62.33;113.7;27.83;2.7;3.3;1.5;0.3;0;0;0;0;0;0;0;0;0;1.27;5.7;5.03;3.98;3.45;3.75;4.35;0;0;0;0;0;0;0.45;0.08;0.53;0.3;2.03;2.55;2.55;2.55;2.78;2.1;1.8;1.27;0;0;0;0;0;0
Frt34676;SOCIEDAD PORTUARIA COQUECOL PRINCIPAL;2869398;9/05/2022;P;40.13;41.48;40.05;40.95;38.78;40.13;22.73;25.2;41.25;71.1;75.15;78.45;78;77.1;69.98;63;34.28;25.05;41.48;41.25;39.68;39.9;42.3;40.5;0;0;0;0;0;0;0;0;0;0;0;0;0;0;0;0;0;0;0;0;0;0;0;0;4.73;5.03;4.43;5.63;5.63;6.98;1.58;0;10.57;31.5;32.55;33.98;34.88;34.05;34.13;29.7;9.07;1.13;4.28;3.83;3.45;3;3.38;2.03;0;0;0;0;0;0;1.2;1.2;1.58;0;0;0;0;0;0;0;1.88;1.88;0;0;0;0;0;0
Frt38850;PAVOS DEL CAMPO ;2839389;9/01/2022;P;0;0;0;0;0;0;0;0;0;0;0;0;0;0;0;0;0;0;0;0;0;0;0;0;0;0;0;0;0;0;0;0;0;0;0;0;0;0;0;0;0;0;0;0;0;0;0;0;0;0;0;0;0;0;0;0;0;0;0;0;0;0;0;0;0;0;0;0;0;0;0;0;0;0;0;0;0;0;0;0;0;0;0;0;0;0;0;0;0;0;0;0;0;0;0;0
Frt38850;PAVOS DEL CAMPO ;2839389;9/02/2022;P;0;0;0;0;0;0;0;0;0;0;0;0;0;0;0;0;0;0;0;0;0;0;0;0;0;0;0;0;0;0;0;0;0;0;0;0;0;0;0;0;0;0;0;0;0;0;0;0;0;0;0;0;0;0;0;0;0;0;0;0;0;0;0;0;0;0;0;0;0;0;0;0;0;0;0;0;0;0;0;0;0;0;0;0;0;0;0;0;0;0;0;0;0;0;0;0
Frt38850;PAVOS DEL CAMPO ;2839389;9/03/2022;P;0;0;0;0;0;0;0;0;0;0;0;0;0;0;0;0;0;0;0;0;0;0;0;0;0;0;0;0;0;0;0;0;0;0;0;0;0;0;0;0;0;0;0;0;0;0;0;0;0;0;0;0;0;0;0;0;0;0;0;0;0;0;0;0;0;0;0;0;0;0;0;0;0;0;0;0;0;0;0;0;0;0;0;0;0;0;0;0;0;0;0;0;0;0;0;0
Frt38850;PAVOS DEL CAMPO ;2839389;9/04/2022;P;0;0;0;0;0;0;0;0;0;0;0;0;0;0;0;0;0;0;0;0;0;0;0;0;0;0;0;0;0;0;0;0;0;0;0;0;0;0;0;0;0;0;0;0;0;0;0;0;0;0;0;0;0;0;0;0;0;0;0;0;0;0;0;0;0;0;0;0;0;0;0;0;0;0;0;0;0;0;0;0;0;0;0;0;0;0;0;0;0;0;0;0;0;0;0;0
Frt38850;PAVOS DEL CAMPO ;2839389;9/05/2022;P;0;0;0;0;0;0;0;0;0;0;0;0;0;0;0;0;0;0;0;0;0;0;0;0;0;0;0;0;0;0;0;0;0;0;0;0;0;0;0;0;0;0;0;0;0;0;0;0;0;0;0;0;0;0;0;0;0;0;0;0;0;0;0;0;0;0;0;0;0;0;0;0;0;0;0;0;0;0;0;0;0;0;0;0;0;0;0;0;0;0;0;0;0;0;0;0
Frt38866;PISCICOLA BOTERO;2839413;9/01/2022;P;66.8;65.21;65.34;65.04;64.35;63.32;74.61;196.12;141.75;135.44;133.02;130.88;129.69;128.12;127.29;126.92;126.6;156.15;187.04;187.58;187.38;186.11;185.79;185.25;0;0;0;0;0;0;0;0;0;0;0;0;0;0;0;0;0;0;0;0;0;0;0;0;48.66;54.68;55.13;55.28;55.04;53.37;52.05;46.95;32.1;30.18;28.79;26.7;26.56;25.41;24.81;24.67;25.58;51.86;75.87;46.52;41.5;41.7;43.25;74.22;0;0;0;0;0;0;0.18;0.15;0;0;0;0;0;0;0;0;0;0;0;0;0;0;0;0
Frt38866;PISCICOLA BOTERO;2839413;9/02/2022;P;185.52;185.97;186.24;186.32;34.82;0;0;2.88;3.63;5.43;7.5;7.5;7.5;7.44;7.38;7.31;19.71;36.95;57.33;57.3;57.42;57.63;57.75;58.23;0;0;0;0;0;0;0;0;0;0;0;0;0;0;0;0;0;0;0;0;0;0;0;0;81.52;82.28;83.9;84.35;23.72;0;0;0.21;0;0;0;0;0.23;0.08;0;0;12.68;29.01;44.1;43.82;43.43;44.03;45.07;47.73;0;0;0;0;0;0;0;0.92;2.57;2.96;1.38;1.13;0.24;0.03;0.32;0.63;0.12;0;0;0;0;0;0;0
Frt38866;PISCICOLA BOTERO;2839413;9/03/2022;P;59.36;59.75;60.17;59.88;59.79;59.79;60.08;60.09;14.22;7.41;5.54;3.75;6.54;7.23;7.13;7.17;7.2;35.49;62.34;62.91;62.91;63.3;63.55;63.81;0;0;0;0;0;0;0;0;0;0;0;0;0;0;0;0;0;0;0;0;0;0;0;0;47.06;50.9;52.72;51.53;50.36;50.93;53.42;52.7;9.32;1.31;0.27;0;0.27;0.98;0.93;1.13;1.25;27.96;49.28;48.95;49.91;51.21;52.49;54.21;0;0;0;0;0;0;0;0;0;0;0.57;1.41;0.36;0;0;0;0;0;0;0;0;0;0;0
Frt38866;PISCICOLA BOTERO;2839413;9/04/2022;P;63.6;63.75;63.78;63.77;63.84;62.91;60.6;60.86;60.81;28.5;8.12;7.34;4.11;6.3;7.31;7.58;31.68;38.31;59.13;60.56;60.55;60.34;60.69;60.95;0;0;0;0;0;0;0;0;0;0;0;0;0;0;0;0;0;0;0;0;0;0;0;0;52.46;53.7;53.96;54.32;54.27;53.64;53.65;53.25;52.56;23.54;4.41;2.57;0.11;0.21;0.55;3.15;29.82;35.16;48.59;47.24;46.26;45.28;46.89;49.26;0;0;0;0;0;0;0;0;0;0;0;0;0.99;0.39;0;0;0;0;0;0;0;0;0;0
Frt38866;PISCICOLA BOTERO;2839413;9/05/2022;P;62.49;52.35;59.6;59.31;59;58.58;55.22;53.78;29.27;121.14;134.45;128.06;127.23;124.59;124.82;128.42;87.84;175.14;185.19;184.02;184.16;184.32;186.05;185.66;0;0;0;0;0;0;0;0;0;0;0;0;0;0;0;0;0;0;0;0;0;0;0;0;50.83;43.43;46.8;46.65;44.28;44.42;43.17;4.08;2.11;26.61;26.3;24.12;24.21;22.41;22.14;22.98;16.94;34.32;36.72;36.35;36.68;36.8;37.7;39.12;0;0;0;0;0;0;0;0.71;1.92;0.62;0;0;0;0;0;0;1.23;0;0;0;0;0;0;0
Frt40290;AVICOLA EL MADROÑO BODEGA 21 B;84562036;9/01/2022;P;28.54;21.42;23.17;23.23;23.43;30.23;23.02;26.32;29.79;26.21;32.34;32.17;30.97;32.49;34.39;36.62;35.46;32.58;26.47;31.03;25.02;23.01;23.03;21.26;0;0;0;0;0;0;0;0;0;0;0;0;0;0;0;0;0;0;0;0;0;0;0;0;12.2;5.86;0.96;8.7;5.51;9.49;3.1;3.33;9.57;5.35;8.2;10.06;8.72;10.6;12.28;14.56;11.54;14.49;8.46;9.42;9.83;3.25;9.07;2.74;0;0.01;2.64;0;0.06;0.46;1.94;1.53;0.02;0.05;0.01;0;0.45;0;0;0;0;0;0;0;0;1.94;0;0.37
Frt40290;AVICOLA EL MADROÑO BODEGA 21 B;84562036;9/02/2022;P;27.3;23.14;25.71;27.73;24.41;32.18;29.16;32.37;28.95;32.08;27.06;30.86;29.07;24.19;31.62;31.02;26.2;26.72;23.2;28.53;23.18;26.85;23.61;20.42;0;0;0;0;0;0;0;0;0;0;0;0;0;0;0;0;0;0;0;0;0;0;0;0;7.9;8.33;6.14;8.42;6.08;13.23;11.92;7.21;7.22;9.31;7.73;7.98;6.2;3.78;11.98;13.58;2.72;7.22;6.5;11.63;4.78;8.58;6.95;3.61;0.54;0;0.11;0;0;0;0;0.14;0.91;0.16;0.06;0.33;0.26;0.42;0.14;0;2.33;0.47;0.01;0.21;0;0;0.02;0.09
Frt40290;AVICOLA EL MADROÑO BODEGA 21 B;84562036;9/03/2022;P;27.26;21.57;25.81;24.12;25.9;24.83;26.62;27.94;28.25;31.02;26.8;30.41;29.61;25.81;29.25;19.42;24.22;25.36;23.29;27.19;21.4;26.83;21.56;21.82;0;0;0;0;0;0;0;0;0;0;0;0;0;0;0;0;0;0;0;0;0;0;0;0;7.85;5.62;8.05;6.2;5.86;4.97;7.11;11.22;4.79;9.14;6.48;9.02;12.46;1.49;13.51;3.65;5.02;5.92;2.91;9.34;5.1;5.53;5.08;4.31;0;0.02;0.3;0.14;0.26;0.19;0;0.02;0.32;0.34;0.23;0;0.11;1.89;0.18;0;0.59;0.08;0.45;0;0;0.51;0.19;1.14
Frt40290;AVICOLA EL MADROÑO BODEGA 21 B;84562036;9/04/2022;P;24.16;25.06;23.17;25.5;23.7;21.84;26.22;19.63;22.39;24.74;21.68;23.79;20.26;24.24;28.75;22.52;26.61;25.46;23.49;22.7;24.86;23.12;26.18;21.68;0;0;0;0;0;0;0;0;0;0;0;0;0;0;0;0;0;0;0;0;0;0;0;0;6.33;5.54;6.73;6.21;5.42;4.12;5.4;4.38;3.42;7.14;2.43;4.06;5.43;6.04;6;6.03;9.06;9.78;2.63;4.93;5.76;7.92;5.87;3.54;0.1;0.26;0.01;0.31;0.31;0.53;0.25;0;0.77;0.42;0.14;0.67;0.17;0.07;0.14;0;0.11;0;0.98;1.31;0.11;0;0.33;1.04
Frt40290;AVICOLA EL MADROÑO BODEGA 21 B;84562036;9/05/2022;P;19.18;27.03;22.02;20.94;23.94;21.21;29.75;26.06;31.73;29.1;25.81;30.62;31.74;30.36;29.64;29.08;23.23;22.44;28.22;18.19;25.34;26.3;23.73;28.38;0;0;0;0;0;0;0;0;0;0;0;0;0;0;0;0;0;0;0;0;0;0;0;0;2.18;8.88;4.81;0.5;5.55;3.58;6.46;3.79;9.85;6.55;5.11;6.49;8.42;8.5;8.5;5.37;4.34;3.23;9.93;1.37;3.61;9.34;5.7;10.55;0.7;0;0.04;1.48;0.74;0.1;0.34;0.42;0.02;0.01;0.08;0.07;0.01;0.18;0;0.35;0.13;0.35;0.16;1.58;2.22;0.01;0;0
Frt41351;ITALCOL VILLAVICENCIO 2 PRINCIPAL;2892310;9/01/2022;P;323.57;202.69;180.56;149.77;117.21;120.02;203.55;471.66;416.42;695.09;759.47;850.6;903.38;717.99;716.82;595.69;590.81;474.2;473.47;606.9;565.58;392.74;194.15;181.34;0;0;0;0;0;0;0;0;0;0;0;0;0;0;0;0;0;0;0;0;0;0;0;0;142.14;102.77;93.67;59.12;43.3;43.73;58.74;155.03;148.61;254.52;271;332.49;349.7;300.62;251.72;218.77;218.77;171.55;192.47;276.56;255.9;159.13;92.33;105.92;0;0;0;0;0;0;0;0;0;0;0;0;0;0;0;0;0;0;0;0;0;0;0;0
Frt41351;ITALCOL VILLAVICENCIO 2 PRINCIPAL;2892310;9/02/2022;P;134.94;100.48;84.18;83.06;84.01;88.88;299.5;946.51;963.24;992.52;882.17;840.08;947.07;868.45;780.61;755.38;703.93;858.79;883.85;896.7;865.09;664.56;365.83;287.47;0;0;0;0;0;0;0;0;0;0;0;0;0;0;0;0;0;0;0;0;0;0;0;0;74.39;20.57;3.06;4.53;2.24;2.46;95.26;371.22;399.55;405.38;348.67;360.61;405.68;364.49;298.64;304.16;306.45;400.76;400.07;377.82;393.86;328.01;144.12;102.68;0;0;0;0;0.13;0.35;0;0;0;0;0;0;0;0;0;0;0;0;0;0;0;0;0;0
Frt41351;ITALCOL VILLAVICENCIO 2 PRINCIPAL;2892310;9/03/2022;P;231.93;219.51;94.88;67.66;66.07;72.11;180.13;823.52;697.25;725.45;898.12;900.28;994.72;787.33;783.41;617.2;440.05;711.99;788.02;649.89;596.03;304.89;57.31;55.33;0;0;0;0;0;0;0;0;0;0;0;0;0;0;0;0;0;0;0;0;0;0;0;0;39.76;93.58;36.27;0.04;0;0;78.53;357.81;284.28;351.21;404.86;406.11;447.77;396.23;322.23;259.05;219.55;339.26;350.35;265.69;232.01;92.98;20.66;15.18;0;0;0.95;1.04;4.31;3.23;0.3;0;0;0;0;0;0;0;0;0;0;0;0;0;0;0;0;0
Frt41351;ITALCOL VILLAVICENCIO 2 PRINCIPAL;2892310;9/04/2022;P;51.53;49.51;47.31;45.02;41.75;39.68;36.31;0;0;0;0;0;0;0;0;15.57;41.87;39.33;38.99;38.68;37.82;37.86;91.55;123.38;0;0;0;0;0;0;0;0;0;0;0;0;0;0;0;0;0;0;0;0;0;0;0;0;11.34;10.52;10.05;9.19;7.07;6.3;6.9;0;0;0;0;0;0;0;0;3.54;9.7;6.86;4.87;4.96;4.96;5.26;30.19;60.07;0;0;0;0;0;0;0;0;0;0;0;0;0;0;0;0;0;0;0;0;0;0;0;0
Frt41351;ITALCOL VILLAVICENCIO 2 PRINCIPAL;2892310;9/05/2022;P;152.36;118.25;116.44;92.29;100.83;138.99;383.94;782.81;762.84;776.12;852.54;755.55;786.04;685.73;578.26;664.47;791.04;737.27;794.41;738.47;609.83;439.23;213.73;136.75;0;0;0;0;0;0;0;0;0;0;0;0;0;0;0;0;0;0;0;0;0;0;0;0;88.45;83.06;102.72;49.46;53.6;88.32;190.96;354.44;339.22;353.75;385.15;362.64;391.83;329.82;247.88;300.75;340.34;340.13;354.66;384.16;335.64;231.19;85.73;24.11;0;0;0;0;0;0;0;0;0;0;0;0;0;0;0;0;0;0;0;0;0;0;0;0
