,,,,,kWhD,kWhD,kWhD,kWhD,kWhD,kWhD,kWhD,kWhD,kWhD,kWhD,kWhD,kWhD,kWhD,kWhD,kWhD,kWhD,kWhD,kWhD,kWhD,kWhD,kWhD,kWhD,kWhD,kWhD,kWhR,kWhR,kWhR,kWhR,kWhR,kWhR,kWhR,kWhR,kWhR,kWhR,kWhR,kWhR,kWhR,kWhR,kWhR,kWhR,kWhR,kWhR,kWhR,kWhR,kWhR,kWhR,kWhR,kWhR,kVarhD,kVarhD,kVarhD,kVarhD,kVarhD,kVarhD,kVarhD,kVarhD,kVarhD,kVarhD,kVarhD,kVarhD,kVarhD,kVarhD,kVarhD,kVarhD,kVarhD,kVarhD,kVarhD,kVarhD,kVarhD,kVarhD,kVarhD,kVarhD,kVarhR,kVarhR,kVarhR,kVarhR,kVarhR,kVarhR,kVarhR,kVarhR,kVarhR,kVarhR,kVarhR,kVarhR,kVarhR,kVarhR,kVarhR,kVarhR,kVarhR,kVarhR,kVarhR,kVarhR,kVarhR,kVarhR,kVarhR,kVarhR
,,,,,0,1,2,3,4,5,6,7,8,9,10,11,12,13,14,15,16,17,18,19,20,21,22,23,0,1,2,3,4,5,6,7,8,9,10,11,12,13,14,15,16,17,18,19,20,21,22,23,0,1,2,3,4,5,6,7,8,9,10,11,12,13,14,15,16,17,18,19,20,21,22,23,0,1,2,3,4,5,6,7,8,9,10,11,12,13,14,15,16,17,18,19,20,21,22,23
Frt00771,ITALCOL FUNZA PRINCIPAL,38289435,10/01/2022,P,1026,975.6,1033.2,1054.8,957.6,1080,1080,1184.4,1076.4,943.2,1080,1101.6,1087.2,997.2,957.6,572.4,986.4,1108.8,1119.6,1062,1180.8,1062,936,1022.4,0,0,0,0,0,0,0,0,0,0,0,0,0,0,0,0,0,0,0,0,0,0,0,0,568.8,583.2,572.4,572.4,543.6,525.6,572.4,583.2,576,522,579.6,615.6,615.6,511.2,417.6,295.2,532.8,615.6,633.6,601.2,648,604.8,579.6,594,0,0,0,0,0,0,0,0,0,0,0,0,0,0,0,0,0,0,0,0,0,0,0,0
Frt00771,ITALCOL FUNZA PRINCIPAL,38289435,10/02/2022,P,986.4,1108.8,993.6,986.4,766.8,241.2,147.6,115.2,100.8,104.4,97.2,93.6,97.2,108,219.6,579.6,518.4,774,745.2,795.6,694.8,525.6,766.8,824.4,0,0,0,0,0,0,0,0,0,0,0,0,0,0,0,0,0,0,0,0,0,0,0,0,604.8,669.6,615.6,626.4,558,223.2,75.6,64.8,57.6,68.4,61.2,61.2,61.2,68.4,158.4,370.8,410.4,525.6,486,482.4,486,316.8,424.8,428.4,0,0,0,0,0,0,0,0,0,0,0,0,0,0,0,0,0,0,0,0,0,0,0,0
Frt00771,ITALCOL FUNZA PRINCIPAL,38289435,10/03/2022,P,1069.2,1126.8,1116,1227.6,1047.6,655.2,720,1170,878.4,1029.6,939.6,1116,932.4,1090.8,874.8,867.6,1083.6,1152,1195.2,1238.4,925.2,774,986.4,950.4,0,0,0,0,0,0,0,0,0,0,0,0,0,0,0,0,0,0,0,0,0,0,0,0,572.4,640.8,619.2,651.6,594,345.6,388.8,619.2,529.2,550.8,532.8,586.8,507.6,619.2,514.8,532.8,594,612,590.4,630,471.6,450,550.8,518.4,0,0,0,0,0,0,0,0,0,0,0,0,0,0,0,0,0,0,0,0,0,0,0,0
Frt00771,ITALCOL FUNZA PRINCIPAL,38289435,10/04/2022,P,1134,1108.8,1098,1137.6,1036.8,1022.4,691.2,903.6,1116,1051.2,946.8,1202.4,1278,831.6,792,694.8,918,1065.6,745.2,975.6,1101.6,1044,1040.4,849.6,0,0,0,0,0,0,0,0,0,0,0,0,0,0,0,0,0,0,0,0,0,0,0,0,615.6,601.2,579.6,604.8,529.2,583.2,482.4,514.8,630,604.8,500.4,651.6,658.8,457.2,439.2,453.6,500.4,554.4,334.8,442.8,514.8,435.6,435.6,475.2,0,0,0,0,0,0,0,0,0,0,0,0,0,0,0,0,0,0,0,0,0,0,0,0
Frt00981,AVICOLA EL MADROÑO PTA PRINCIPAL,38289327,10/01/2022,P,117.45,110.1,113.7,108.15,107.55,118.95,97.95,94.35,83.1,90.15,78.6,56.25,66,89.25,90,90.45,73.95,131.55,121.65,117,120.3,103.35,107.85,120.3,0,0,0,0,0,0,0,0,0,0,0,0,0,0,0,0,0,0,0,0,0,0,0,0,56.7,49.05,59.4,55.5,61.95,56.1,40.35,33.3,28.2,34.05,29.85,18,27.6,38.25,37.05,40.05,30.75,61.8,51.75,53.1,40.95,37.5,47.25,50.25,0,0,0,0,0,0,0.15,0,0,0,0,0,0,0,0,0,0,0,0,0,0,0,0,0
Frt00981,AVICOLA EL MADROÑO PTA PRINCIPAL,38289327,10/02/2022,P,112.35,115.2,104.55,114.3,114.3,115.95,102.75,110.85,122.7,116.85,115.5,109.5,123.9,130.2,124.8,125.55,103.35,119.85,112.65,112.5,110.55,100.2,114.6,112.5,0,0,0,0,0,0,0,0,0,0,0,0,0,0,0,0,0,0,0,0,0,0,0,0,51.75,58.2,46.8,48.3,52.95,61.05,47.55,46.65,45.6,50.25,35.1,36.9,50.1,62.7,55.05,57.9,43.2,51.45,47.55,52.35,49.95,39.9,62.85,62.85,0,0,0,0,0,0,0,0,0,0,0,0,0,0,0,0,0,0,0,0,0,0,0,0
Frt00981,AVICOLA EL MADROÑO PTA PRINCIPAL,38289327,10/03/2022,P,108.3,102.6,109.95,104.85,93,93.3,75.6,96.45,80.7,58.8,61.5,67.8,118.2,113.25,98.1,98.85,82.65,110.55,111.45,109.65,112.95,98.55,101.85,104.4,0,0,0,0,0,0,0,0,0,0,0,0,0,0,0,0,0,0,0,0,0,0,0,0,52.5,45.6,54,53.55,41.55,33.45,27.15,37.8,28.65,25.65,25.95,26.4,48.6,49.65,34.05,37.2,32.1,54,58.05,44.55,45.45,39.45,54,51.3,0,0,0,0,0,0,0,0,0.15,0,0,0,0,0,0,0,0,0,0,0,0,0,0,0
Frt00981,AVICOLA EL MADROÑO PTA PRINCIPAL,38289327,10/04/2022,P,110.7,106.05,92.1,101.1,100.95,110.1,79.5,56.55,66,71.4,81.9,77.4,76.5,75.15,73.95,70.2,90.45,89.1,87.9,87,81.3,81,83.55,78.6,0,0,0,0,0,0,0,0,0,0,0,0,0,0,0,0,0,0,0,0,0,0,0,0,65.1,60.6,47.55,52.65,62.7,55.05,39,21.6,28.5,30.6,34.2,23.55,28.5,22.35,26.85,26.55,29.25,27.6,34.05,32.1,26.1,28.2,32.55,28.5,0,0,0,0,0,0,0,0,0,0,0,0,0,0.15,0,0,0,0,0,0,0.15,0,0,0.15
Frt01153,AVICOLA EL MADROÑO CARTAGENA PRINCIPAL,38289432,10/01/2022,P,979.2,1051.2,1137.6,1195.2,1195.2,1180.8,1224,1339.2,1267.2,1396.8,1382.4,1368,1382.4,1368,1454.4,1497.6,1440,1281.6,1180.8,1022.4,993.6,1036.8,1022.4,993.6,0,0,0,0,0,0,0,0,0,0,0,0,0,0,0,0,0,0,0,0,0,0,0,0,302.4,345.6,403.2,460.8,432,446.4,475.2,561.6,547.2,619.2,604.8,576,590.4,590.4,662.4,691.2,633.6,532.8,460.8,331.2,331.2,345.6,345.6,331.2,0,0,0,0,0,0,0,0,0,0,0,0,0,0,0,0,0,0,0,0,0,0,0,0
Frt01153,AVICOLA EL MADROÑO CARTAGENA PRINCIPAL,38289432,10/02/2022,P,979.2,1080,1180.8,1152,1166.4,1137.6,1180.8,964.8,460.8,475.2,475.2,489.6,460.8,475.2,446.4,619.2,1166.4,1166.4,1137.6,1137.6,1108.8,1123.2,1108.8,1036.8,0,0,0,0,0,0,0,0,0,0,0,0,0,0,0,0,0,0,0,0,0,0,0,0,288,345.6,446.4,403.2,417.6,374.4,460.8,316.8,28.8,28.8,28.8,43.2,28.8,28.8,14.4,115.2,417.6,417.6,388.8,374.4,388.8,388.8,388.8,316.8,0,0,0,0,0,0,0,0,0,0,0,0,0,0,0,0,0,0,0,0,0,0,0,0
Frt01153,AVICOLA EL MADROÑO CARTAGENA PRINCIPAL,38289432,10/03/2022,P,1080,1094.4,1267.2,1252.8,1224,1209.6,1368,1440,1353.6,1281.6,1224,1180.8,1195.2,1281.6,1483.2,1497.6,1555.2,1569.6,1440,1324.8,1008,748.8,0,993.6,0,0,0,0,0,0,0,0,0,0,0,0,0,0,0,0,0,0,0,0,0,0,0,0,388.8,388.8,518.4,489.6,475.2,460.8,590.4,633.6,561.6,504,446.4,417.6,432,475.2,662.4,676.8,691.2,691.2,619.2,518.4,374.4,230.4,0,331.2,0,0,0,0,0,0,0,0,0,0,0,0,0,0,0,0,0,0,0,0,0,0,0,0
Frt01153,AVICOLA EL MADROÑO CARTAGENA PRINCIPAL,38289432,10/04/2022,P,1008,864,979.2,1008,1008,1224,1324.8,1382.4,1440,1497.6,1512,1483.2,1440,1468.8,1497.6,1483.2,1440,1368,1209.6,1065.6,1036.8,1137.6,1065.6,1022.4,0,0,0,0,0,0,0,0,0,0,0,0,0,0,0,0,0,0,0,0,0,0,0,0,345.6,273.6,345.6,345.6,360,460.8,590.4,590.4,633.6,648,691.2,648,590.4,633.6,676.8,662.4,633.6,547.2,489.6,360,331.2,388.8,374.4,345.6,0,0,0,0,0,0,0,0,0,0,0,0,0,0,0,0,0,0,0,0,0,0,0,0
Frt01615,ITALCOL BELLINI,2841136,10/01/2022,P,393.68,397.19,392.04,396.16,398.23,399.49,402.68,402.21,403.83,397.66,339.95,380.52,375.89,371.09,404.64,403.7,401.02,395.51,399.69,403.25,406.85,399.55,390.08,390.35,0,0,0,0,0,0,0,0,0,0,0,0,0,0,0,0,0,0,0,0,0,0,0,0,150.53,148.86,142.79,152.35,154.42,154.82,154.15,152.77,155.72,155.36,130.86,154.44,157.41,156.85,155.93,156.26,155.34,153.29,154.21,153.63,156.67,156.17,151.09,152.53,0,0,0,0,0,0,0,0,0,0,0,0,0,0,0,0,0,0,0,0,0,0,0,0
Frt01615,ITALCOL BELLINI,2841136,10/02/2022,P,397.46,381.33,359.37,354.06,348.62,352.04,338.81,341.62,342.72,353.07,372.49,376.7,379.06,378.83,375.23,375.39,363.53,367.52,325.01,264.35,132.28,126.72,119.61,22.48,0,0,0,0,0,0,0,0,0,0,0,0,0,0,0,0,0,0,0,0,0,0,0,0,153.9,151.94,147.62,144.68,143.73,143.62,131.58,127.94,132.39,144.2,149.42,152.35,154.78,154.42,150.62,149.27,144.95,146.45,131.67,105.73,29.52,22.86,25.52,0.2,0,0,0,0,0,0,0,0,0,0,0,0,0,0,0,0,0,0,0,0,0,0,0.43,4.48
Frt01615,ITALCOL BELLINI,2841136,10/03/2022,P,19.71,18.25,19.31,18.65,18.54,18.4,21.98,21.76,18.74,28.4,33.48,35.68,45.38,37.44,41.6,41.56,38.23,37.44,31.68,32.71,107.75,133.07,245.99,338.15,0,0,0,0,0,0,0,0,0,0,0,0,0,0,0,0,0,0,0,0,0,0,0,0,0,0,0,0,0,0,0,0,0,8.32,9.94,13.32,21.47,21.87,21.98,20.68,18.36,14.22,13.28,12.74,39.33,35.14,91.96,138.85,10.49,14.8,12.96,13.43,14.09,15.01,11.18,12.96,13.16,0.02,0,0,0,0,0,0,0,0,0,0,0,0,0,0
Frt01615,ITALCOL BELLINI,2841136,10/04/2022,P,337.82,335.36,332.93,329.87,322.58,331.81,352.37,391.07,389.57,392.92,379.35,362.45,357.35,377.91,375.5,352.28,364.32,365.38,359.53,363.1,358.34,357.32,349,359.17,0,0,0,0,0,0,0,0,0,0,0,0,0,0,0,0,0,0,0,0,0,0,0,0,141.08,138.87,139.52,136.94,131.02,132.68,141.28,147.87,147.02,149.99,142.11,135.43,141.26,143.75,146.66,140.69,145.44,148.68,149,148.28,147.44,146.79,135.45,140.65,0,0,0,0,0,0,0,0,0,0,0,0,0,0,0,0,0,0,0,0,0,0,0,0
Frt01751,POLLOSAN INCUBACION V1,2839463,10/01/2022,P,102.47,99.35,97.76,93.36,95.78,102.63,103.42,106.59,100.68,106,112.81,116.41,117.56,108.47,111.62,110.3,104.94,99.53,100.82,97.2,98.42,94.63,93.09,92.75,0,0,0,0,0,0,0,0,0,0,0,0,0,0,0,0,0,0,0,0,0,0,0,0,18.74,17.26,16.57,16.81,16.91,21.98,22.04,22.11,18.51,23.18,25.69,27.42,28.53,26.71,27.27,27.13,24.45,21.33,22.41,19.87,20.38,17.92,16.52,15.44,0,0,0,0,0,0,0,0,0,0,0,0,0,0,0,0,0,0,0,0,0,0,0,0
Frt01751,POLLOSAN INCUBACION V1,2839463,10/02/2022,P,92.32,91.61,90.04,92.88,95.95,96.08,96.61,96.48,102.1,108.92,113.06,114.51,119.69,126.37,120.6,117.91,126.42,120.32,114.54,114.99,111.23,105.6,101.74,103.14,0,0,0,0,0,0,0,0,0,0,0,0,0,0,0,0,0,0,0,0,0,0,0,0,15.87,15.54,14.24,16.55,19.4,19.88,21.2,20.2,23.55,26.86,28.45,28.18,29.4,31,28.94,27.9,28.56,28.26,26.12,27.24,25.34,25.82,24.49,24.49,0,0,0,0,0,0,0,0,0,0,0,0,0,0,0,0,0,0,0,0,0,0,0,0
Frt01751,POLLOSAN INCUBACION V1,2839463,10/03/2022,P,104.51,106.33,110.73,105.37,106.33,107.86,103.39,105.8,115.81,118.82,116.08,127.68,135.33,138.25,132.53,128.37,130.19,124.61,121.56,120.3,120.37,110.06,107.93,105.73,0,0,0,0,0,0,0,0,0,0,0,0,0,0,0,0,0,0,0,0,0,0,0,0,25.13,25.69,26.83,26.04,23.1,26.3,24.16,25.41,29.29,29.22,26.88,30.84,31.89,33.25,31.99,30.82,31.02,29.72,29.37,28.36,29.37,25.79,25.92,25.21,0,0,0,0,0,0,0,0,0,0,0,0,0,0,0,0,0,0,0,0,0,0,0,0
Frt01751,POLLOSAN INCUBACION V1,2839463,10/04/2022,P,105.1,107.83,104.92,105.01,104.66,99.23,96.49,97.78,101.71,113.26,114.72,123.01,124.79,124.71,130.94,127.5,121.75,113.34,116.61,116.06,111.33,109.76,107.51,104.73,0,0,0,0,0,0,0,0,0,0,0,0,0,0,0,0,0,0,0,0,0,0,0,0,22.82,24.12,24.12,20.63,17.97,17.89,16.05,15.59,17.11,24.49,23.78,28.66,29.55,30.05,35.15,32.26,29.4,23.86,26,25.29,23.76,23.38,22.01,21.86,0,0,0,0,0,0,0,0,0,0,0,0,0,0,0,0,0,0,0,0,0,0,0,0
Frt01752,POLLOSAN SACRIFICIO LEBRIJA PRINCIPAL,37922266,10/01/2022,P,941.76,993.96,1112.4,1282.68,1683.36,1624.32,1680.12,1842.48,1655.64,1424.88,1509.84,1671.12,1529.64,1659.6,1572.12,1627.2,1795.68,1561.32,1396.44,1338.12,1300.32,1191.96,1261.08,1168.56,0,0,0,0,0,0,0,0,0,0,0,0,0,0,0,0,0,0,0,0,0,0,0,0,315.72,318.6,399.24,504,674.28,626.76,671.76,772.92,701.64,588.24,682.92,716.76,621,721.08,648,636.12,751.32,601.56,464.4,419.4,446.76,361.08,387,319.32,0,0,0,0,0,0,0,0,0,0,0,0,0,0,0,0,0,0,0,0,0,0,0,0
Frt01752,POLLOSAN SACRIFICIO LEBRIJA PRINCIPAL,37922266,10/02/2022,P,1071,876.6,651.24,780.12,943.56,942.12,880.2,857.16,793.44,733.32,797.76,900.72,889.2,843.84,828.72,778.32,770.76,773.28,737.28,714.96,761.4,808.92,773.28,793.8,0,0,0,0,0,0,0,0,0,0,0,0,0,0,0,0,0,0,0,0,0,0,0,0,249.84,186.48,138.6,213.12,309.24,274.32,255.96,244.44,202.68,127.08,184.32,281.16,273.96,205.92,204.48,187.92,200.16,185.4,168.84,114.12,180.36,189.72,200.52,199.08,0,0,0,0,0,0,0,0,0,0,0,0,0,0,0,0,0,0,0,0,0,0,0,0
Frt01752,POLLOSAN SACRIFICIO LEBRIJA PRINCIPAL,37922266,10/03/2022,P,840.96,804.96,874.44,1201.32,1162.44,1150.92,1454.04,1632.24,1919.88,1913.4,1913.76,1904.04,1796.4,1988.64,2055.6,2003.04,2008.44,1746.36,1532.52,1424.88,1399.68,1415.88,867.96,979.92,0,0,0,0,0,0,0,0,0,0,0,0,0,0,0,0,0,0,0,0,0,0,0,0,232.56,199.8,263.52,440.64,392.76,367.92,540,663.84,829.8,810.36,799.92,769.32,712.44,852.48,896.04,902.88,903.6,705.6,592.92,483.84,491.4,529.56,259.92,353.52,0,0,0,0,0,0,0,0,0,0,0,0,0,0,0,0,0,0,0,0,0,0,0,0
Frt01752,POLLOSAN SACRIFICIO LEBRIJA PRINCIPAL,37922266,10/04/2022,P,992.16,921.96,1173.96,1702.8,1702.8,1728,1905.84,1922.4,1719,1412.64,1580.4,1499.4,1463.76,1518.12,1478.52,1460.52,1443.6,1287,1234.8,1129.32,1085.4,1080.72,1182.96,1106.28,0,0,0,0,0,0,0,0,0,0,0,0,0,0,0,0,0,0,0,0,0,0,0,0,365.76,321.48,443.52,723.6,731.52,672.84,859.68,853.92,696.96,588.6,689.4,635.4,614.88,670.68,639,664.2,581.76,520.56,483.48,464.76,407.88,431.28,457.92,424.44,0,0,0,0,0,0,0,0,0,0,0,0,0,0,0,0,0,0,0,0,0,0,0,0
Frt02536,SAN MARINO BOLO,38289434,10/01/2022,P,59.4,57.2,59.4,57.2,72.6,70.4,70.4,77,70.4,55,59.4,63.8,68.2,70.4,63.8,66,59.4,57.2,57.2,55,52.8,59.4,57.2,57.2,0,0,0,0,0,0,0,0,0,0,0,0,0,0,0,0,0,0,0,0,0,0,0,0,0,0,0,0,0,0,0,0,0,0,0,0,0,0,2.2,0,0,0,0,0,0,0,0,0,15.4,15.4,17.6,17.6,15.4,15.4,15.4,8.8,8.8,13.2,11,6.6,6.6,6.6,6.6,8.8,11,13.2,13.2,17.6,15.4,15.4,17.6,17.6
Frt02536,SAN MARINO BOLO,38289434,10/02/2022,P,57.2,59.4,57.2,59.4,59.4,61.6,57.2,52.8,52.8,48.4,57.2,68.2,70.4,70.4,70.4,74.8,72.6,66,61.6,57.2,59.4,52.8,52.8,52.8,0,0,0,0,0,0,0,0,0,0,0,0,0,0,0,0,0,0,0,0,0,0,0,0,0,0,0,0,0,0,0,0,0,0,0,0,0,0,0,2.2,0,0,0,0,0,0,0,0,17.6,17.6,17.6,17.6,17.6,17.6,17.6,15.4,15.4,15.4,11,6.6,4.4,4.4,4.4,2.2,6.6,6.6,8.8,11,13.2,17.6,17.6,15.4
Frt02536,SAN MARINO BOLO,38289434,10/03/2022,P,52.8,57.2,57.2,63.8,72.6,68.2,61.6,55,59.4,61.6,70.4,85.8,88,83.6,85.8,107.8,94.6,81.4,66,55,55,55,48.4,48.4,0,0,0,0,0,0,0,0,0,0,0,0,0,0,0,0,0,0,0,0,0,0,0,0,0,0,0,0,0,0,0,0,0,0,0,2.2,2.2,0,2.2,6.6,4.4,2.2,0,0,0,0,0,0,17.6,17.6,15.4,17.6,17.6,15.4,15.4,13.2,8.8,8.8,4.4,2.2,0,4.4,2.2,0,0,4.4,8.8,13.2,13.2,15.4,15.4,15.4
Frt02536,SAN MARINO BOLO,38289434,10/04/2022,P,52.8,61.6,61.6,59.4,61.6,57.2,55,59.4,59.4,63.8,74.8,94.6,94.6,85.8,79.2,79.2,68.2,46.2,0,0,0,22,52.8,52.8,0,0,0,0,0,0,0,0,0,0,0,0,0,0,0,0,0,0,0,0,0,0,0,0,0,0,0,0,0,0,0,0,0,0,2.2,4.4,6.6,2.2,2.2,0,0,0,0,0,0,0,0,0,15.4,15.4,15.4,15.4,15.4,15.4,13.2,8.8,8.8,8.8,4.4,0,0,2.2,2.2,6.6,11,8.8,0,0,0,8.8,15.4,19.8
Frt02583,AVICOLA EL FONCE SAN GIL,37922264,10/01/2022,P,96.03,94.12,92.07,90.29,83.36,83.89,95.11,100.39,98.54,100.98,105.34,104.15,90.88,101.38,93.06,98.47,102.7,95.11,88.77,90.42,91.28,87.58,89.76,88.31,0,0,0,0,0,0,0,0,0,0,0,0,0,0,0,0,0,0,0,0,0,0,0,0,40.92,42.5,41.98,40.46,33.07,33.66,37.62,38.48,34.91,30.69,28.25,29.11,36.37,39.4,37.42,35.57,37.03,37.09,32.47,34.78,37.29,35.97,39.01,40.39,0,0,0,0,0,0,0,0,0,0,0,0,0,0,0,0,0,0,0,0,0,0,0,0
Frt02583,AVICOLA EL FONCE SAN GIL,37922264,10/02/2022,P,85.14,87.32,81.77,82.43,83.75,84.15,78.21,94.64,95.04,98.01,102.43,107.05,109.76,112.6,117.02,110.75,109.03,113.59,110.68,112.4,113.65,117.88,116.95,115.9,0,0,0,0,0,0,0,0,0,0,0,0,0,0,0,0,0,0,0,0,0,0,0,0,40.72,43.03,37.49,37.09,37.03,38.41,35.18,36.43,35.38,35.77,35.57,35.64,35.9,37.62,39.47,38.21,39.67,41.32,38.21,40.13,39.47,36.56,37.88,37.09,0,0,0,0,0,0,0,0,0,0,0,0,0,0,0,0,0,0,0,0,0,0,0,0
Frt02583,AVICOLA EL FONCE SAN GIL,37922264,10/03/2022,P,113.59,112.66,114.25,108.9,101.51,92.14,94.78,84.55,91.81,97.94,104.87,125,131.93,131.74,124.74,129.29,126.92,129.76,130.35,124.08,116.29,112.2,111.67,108.5,0,0,0,0,0,0,0,0,0,0,0,0,0,0,0,0,0,0,0,0,0,0,0,0,37.49,39.14,39.14,39.53,34.32,33.33,42.31,39.4,38.48,41.98,44.35,47.26,51.88,49.57,45.01,46.33,45.8,44.75,45.67,40.72,38.74,42.04,42.7,48.84,0,0,0,0,0,0,0,0,0,0,0,0,0,0,0,0,0,0,0,0,0,0,0,0
Frt02583,AVICOLA EL FONCE SAN GIL,37922264,10/04/2022,P,107.18,106.33,107.65,104.41,103.03,93.06,88.04,90.68,91.54,94.97,106.66,118.27,119.06,118.47,122.43,106.66,107.84,102.23,104.54,99.59,96.36,95.83,93.92,92.73,0,0,0,0,0,0,0,0,0,0,0,0,0,0,0,0,0,0,0,0,0,0,0,0,49.7,51.08,50.75,48.58,47.39,41.32,35.11,33.79,33.66,35.18,37.55,42.17,47.65,43.16,47.32,46.79,48.05,46.6,45.87,45.87,43.82,48.71,44.22,39.34,0,0,0,0,0,0,0,0,0,0,0,0,0,0,0,0,0,0,0,0,0,0,0,0
Frt03303,ITALCOL GIRON PRINCIPAL,2872458,10/01/2022,P,1253.97,1202.04,997.07,1175.22,1120.1,1200.73,789.53,1065.73,925.38,883.67,939.56,978.03,799.2,928.04,933.53,983.07,1064.43,1172.66,651.74,587.52,322.97,154.67,112.82,99.95,0,0,0,0,0,0,0,0,0,0,0,0,0,0,0,0,0,0,0,0,0,0,0,0,464.4,452.7,362.79,441.41,438.84,451.66,290.03,439.92,345.29,351.68,387.99,401.9,288.81,338.31,362.97,376.38,395.37,444.92,203.71,190.08,107.28,42.35,24.39,23.17,0,0,0,0,0,0,0,0,0,0,0,0,0,0,0,0,0,0,0,0,0,0,0,0
Frt03303,ITALCOL GIRON PRINCIPAL,2872458,10/02/2022,P,93.87,95.54,96.57,92.48,92.16,93.38,79.79,83.75,57.11,39.92,28.4,39.92,67.86,98.15,624.69,1010.25,1211.36,874.35,1052.6,1284.44,1139.04,1006.65,840.83,1199.66,0,0,0,0,0,0,0,0,0,0,0,0,0,0,0,0,0,0,0,0,0,0,0,0,23.63,25.2,24.62,21.78,21.87,23.58,23.94,29.34,16.88,8.28,2.2,9.99,16.2,27.23,219.28,394.2,459.63,320.18,397.66,516.65,444.24,363.91,309.29,454.41,0,0,0,0,0,0,0,0,0,0,0,0.05,0,0,0,0,0,0,0,0,0,0,0,0
Frt03303,ITALCOL GIRON PRINCIPAL,2872458,10/03/2022,P,1078.83,1069.79,1095.17,993.51,1039.19,1059.48,752.63,1039.86,1094.18,784.17,851.54,1103.18,977.31,920.79,1209.78,1179.09,1314.86,1333.4,932.4,1318.91,1155.42,1188.13,1179.18,963.14,0,0,0,0,0,0,0,0,0,0,0,0,0,0,0,0,0,0,0,0,0,0,0,0,408.83,413.1,428.31,370.76,412.79,400.73,253.44,416.52,441.63,282.74,304.29,401.9,346.82,314.78,471.06,448.79,501.03,513.5,327.33,505.94,445.37,497.75,494.19,367.83,0,0,0,0,0,0,0,0,0,0,0,0,0,0,0,0,0,0,0,0,0,0,0,0
Frt03303,ITALCOL GIRON PRINCIPAL,2872458,10/04/2022,P,982.85,1067.99,1183.23,1258.83,1014.84,1039.14,911.88,873.72,974.07,1046.34,827.33,914.63,843.44,922.28,711.14,965.93,1170.05,1290.74,1060.25,985.19,1005.26,1065.2,1183.91,1051.34,0,0,0,0,0,0,0,0,0,0,0,0,0,0,0,0,0,0,0,0,0,0,0,0,354.83,395.6,457.29,504.72,387.18,394.7,324.5,356,408.74,435.02,322.7,361.94,311.85,386.68,246.24,368.82,453.69,524.7,404.15,381.51,410.54,392.81,479.34,389.21,0,0,0,0,0,0,0,0,0,0,0,0,0,0,0,0,0,0,0,0,0,0,0,0
Frt03502,AGROPECUARIA ALFA 1,32271905,10/01/2022,P,1.22,1.32,1.39,1.42,1.39,1.32,1.32,0.86,0.03,1.09,1.09,1.06,1.09,1.06,1.06,1.06,1.09,1.12,2.01,1.12,1.15,1.19,1.15,1.22,0,0,0,0,0,0,0,0,0,0,0,0,0,0,0,0,0,0,0,0,0,0,0,0,4.95,6.24,7.26,6.93,6.3,5.91,5.54,3.27,0.1,3.17,3.27,3.23,3.27,2.97,2.87,3.07,3.17,3.5,4.03,3.37,3.53,4.06,3.86,4.32,0,0,0,0,0,0,0,0,0,0,0,0,0,0,0,0,0,0,0.1,0,0,0,0,0
Frt03502,AGROPECUARIA ALFA 1,32271905,10/02/2022,P,1.19,1.25,1.25,1.25,1.29,1.29,1.25,1.09,1.12,1.09,1.09,1.12,1.09,1.12,1.09,1.09,1.12,1.15,1.15,1.16,1.19,1.19,1.22,1.22,0,0,0,0,0,0,0,0,0,0,0,0,0,0,0,0,0,0,0,0,0,0,0,0,4.52,4.79,5.02,5.05,5.18,5.45,4.79,3.17,3.1,2.87,2.74,3.2,3.17,3.1,3,3.07,3.17,3.53,3.83,3.93,4.09,4.19,4.42,4.75,0,0,0,0,0,0,0,0,0,0,0,0,0,0,0,0,0,0,0,0,0,0,0,0
Frt03502,AGROPECUARIA ALFA 1,32271905,10/03/2022,P,1.29,1.29,1.29,1.29,1.25,1.25,1.25,1.16,2.05,1.06,1.06,1.12,1.15,1.12,1.09,1.06,1.12,1.12,1.19,1.22,1.29,1.12,1.15,1.22,0,0,0,0,0,0,0,0,0,0,0,0,0,0,0,0,0,0,0,0,0,0,0,0,5.25,5.41,5.35,5.41,5.05,4.82,4.92,3.86,3.66,2.61,2.47,3.04,3.7,3.37,2.77,2.67,3.04,3.63,4.13,4.62,5.15,3.53,3.86,4.49,0,0,0,0,0,0,0,0,0.03,0,0,0,0,0,0,0,0,0,0,0,0,0,0,0
Frt03502,AGROPECUARIA ALFA 1,32271905,10/04/2022,P,1.25,1.25,1.25,1.29,1.25,1.29,25.91,91.08,131.64,91.05,91.51,91.11,90.95,90.95,90.72,90.72,91.08,91.08,91.15,91.24,91.08,90.85,91.05,91.18,0,0,0,0,0,0,0,0,0,0,0,0,0,0,0,0,0,0,0,0,0,0,0,0,4.88,4.92,5.08,5.15,5.21,5.28,17.03,48.61,64.52,45.61,45.61,44.58,44.65,44.15,46.66,46.23,46.73,47.78,48.05,48.61,49.04,49.07,48.51,49.2,0,0,0,0,0,0,0,0,0,0,0,0,0,0,0,0,0,0,0,0,0,0,0,0
Frt03503,AGROPECUARIA ALFA 2,32271869,10/01/2022,P,0.13,0.13,0.17,0.17,0.17,0.17,0.17,0.1,0.03,1.68,1.68,1.65,1.65,1.65,1.62,1.65,1.68,1.68,1.68,1.68,1.72,1.75,1.75,1.75,0,0,0,0,0,0,0,0,0,0,0,0,0,0,0,0,0,0,0,0,0,0,0,0,0,0,0,0,0,0,0,0,0.23,9.11,9.11,9.04,9.14,8.81,8.71,8.91,9.04,9.34,9.11,9.31,9.47,9.97,9.87,10.3,0.07,0.1,0.1,0.07,0.1,0.07,0.07,0.07,0,0,0,0,0,0,0,0,0,0,0,0,0,0,0,0
Frt03503,AGROPECUARIA ALFA 2,32271869,10/02/2022,P,1.82,1.78,1.85,1.82,1.85,1.88,1.78,1.68,1.65,1.62,1.62,1.68,1.65,1.68,1.65,1.65,1.65,1.68,1.02,1.02,1.06,1.06,1.06,1.09,0,0,0,0,0,0,0,0,0,0,0,0,0,0,0,0,0,0,0,0,0,0,0,0,10.46,10.79,10.99,11.02,11.15,11.42,10.79,9.17,8.98,8.74,8.58,9.07,9.01,8.94,8.84,8.91,9.01,9.08,4.88,4.95,5.05,5.08,5.15,5.31,0,0,0,0,0,0,0,0,0,0,0,0,0,0,0,0,0,0,0,0,0,0,0,0
Frt03503,AGROPECUARIA ALFA 2,32271869,10/03/2022,P,1.09,1.09,1.09,1.09,1.09,1.09,1.22,1.75,1.62,1.58,1.58,1.49,1.06,0.99,1.62,1.62,1.65,1.72,1.32,1.09,1.09,1.02,1.02,1.09,0,0,0,0,0,0,0,0,0,0,0,0,0,0,0,0,0,0,0,0,0,0,0,0,5.54,5.61,5.61,5.61,5.41,5.35,6.5,9.87,8.61,8.41,8.28,7.79,4.82,4.65,8.48,8.48,8.84,9.47,6.77,5.31,5.51,4.72,4.88,5.18,0,0,0,0,0,0,0,0,0,0,0,0,0,0,0,0,0,0,0,0,0,0,0,0
Frt03503,AGROPECUARIA ALFA 2,32271869,10/04/2022,P,1.06,1.09,1.09,1.09,1.09,1.02,0,0,1.65,154.28,176.68,174.64,174.04,184.8,178.99,176.58,169.19,174.11,178.3,177.97,179.42,176.29,170.81,170.97,0,0,0,0,0,0,0,0,0,0,0,0,0,0,0,0,0,0,0,0,0,0,0,0,5.35,5.38,5.44,5.48,5.51,5.18,0,0,7.23,83.32,82.93,77.88,77.78,83.59,79.6,79.86,78.57,83.19,82.83,83.72,85.07,84.05,81.28,82.43,0,0,0,0,0,0,0,0,0,0,0,0,0,0.03,0,0,0.1,0.03,0,0,0,0,0,0
Frt03504,AGROPECUARIA ALFA 3,32271906,10/01/2022,P,0.04,0.07,0.05,0.07,0.05,0.07,0.07,0.05,0.07,0.09,4.99,0.49,0.48,0.49,0.48,0.49,0.49,0.48,0.48,0.48,0.48,0.48,0.48,0.46,0,0,0,0,0,0,0,0,0,0,0,0,0,0,0,0,0,0,0,0,0,0,0,0,0,0,0,0,0,0,0,0,0,0.05,3.01,0,0,0,0,0,0,0,0,0,0,0,0,0,0.44,0.46,0.49,0.51,0.53,0.53,0.51,0.5,0.48,0.5,0.11,0.16,0.13,0.15,0.15,0.09,0.05,0.21,0.21,0.21,0.11,0.36,0.16,0.33
Frt03504,AGROPECUARIA ALFA 3,32271906,10/02/2022,P,0.49,0.48,0.49,0.49,0.46,0.5,0.49,0.49,0.48,0.46,0.49,0.48,0.48,0.49,0.49,0.48,0.49,0.48,0.46,0.46,0.46,0.46,0.46,0.48,0,0,0,0,0,0,0,0,0,0,0,0,0,0,0,0,0,0,0,0,0,0,0,0,0,0,0.01,0.15,0,0.01,0.07,0,0,0,0.01,0,0,0,0,0,0,0.01,0,0,0,0,0,0,0.2,0.12,0.03,0,0.15,0.04,0,0.07,0.21,0.29,0.04,0.24,0.15,0.05,0.04,0.04,0.03,0.18,0.4,0.4,0.38,0.34,0.32,0.25
Frt03504,AGROPECUARIA ALFA 3,32271906,10/03/2022,P,0.48,0.49,0.46,0.46,0.45,0.49,1.68,2.42,0.46,0.49,0.48,0.48,0.48,0.48,0.46,0.46,0.48,0.48,0.49,0.48,0.46,0.46,0.46,0.48,0,0,0,0,0,0,0,0,0,0,0,0,0,0,0,0,0,0,0,0,0,0,0,0,0,0,0,0,0,0,0.94,1.1,0,0,0,0,0,0,0,0,0,0,0,0,0,0,0,0,0.13,0.09,0.42,0.42,0.4,0.12,0.11,0.26,0.29,0.13,0.2,0.24,0.16,0.22,0.3,0.33,0.24,0.08,0.08,0.17,0.36,0.26,0.37,0.22
Frt03504,AGROPECUARIA ALFA 3,32271906,10/04/2022,P,0.49,0.48,0.49,0.49,0.49,0.49,0.48,0.46,0.48,0.48,0.48,0.48,0.48,0.48,0.48,0.48,0.48,0.48,0.48,0.48,0.46,0.46,0.48,0.46,0,0,0,0,0,0,0,0,0,0,0,0,0,0,0,0,0,0,0,0,0,0,0,0,0,0,0,0,0,0.01,0,0,0,0,0,0,0,0,0,0,0,0,0,0,0,0,0,0,0.13,0.12,0.07,0.08,0.04,0.13,0.2,0.36,0.25,0.24,0.18,0.22,0.13,0.24,0.26,0.15,0.12,0.3,0.18,0.09,0.42,0.36,0.16,0.33
Frt04710,HARINAGRO V1,2918017,10/01/2022,P,354.89,325.1,344.86,337.28,317.77,309.4,318.13,311.13,348.01,358.13,303.64,367.09,345.29,337.68,345.31,301.75,301.43,324.36,347.92,328.75,369.27,299.25,327.02,335.12,0,0,0,0,0,0,0,0,0,0,0,0,0,0,0,0,0,0,0,0,0,0,0,0,117.95,107.69,114.59,113.13,104.22,102.24,105.12,101.9,116.33,117.47,99.29,122.18,112.97,110.12,112.79,96.44,95.65,104.33,114.84,110.54,122.78,96.05,106.9,110.95,0,0,0,0,0,0,0,0,0,0,0,0,0,0,0,0,0,0,0,0,0,0,0,0
Frt04710,HARINAGRO V1,2918017,10/02/2022,P,295.29,329.4,336.62,279.81,267.8,228.96,228.49,234.22,241.33,194.89,223.63,247.34,255.89,204.64,219.83,251.98,237.98,263.86,278.87,285.28,252.5,271.76,253.78,309.02,0,0,0,0,0,0,0,0,0,0,0,0,0,0,0,0,0,0,0,0,0,0,0,0,97.49,109.22,112.52,92,87.93,71.93,72.2,73.87,76.23,60.35,70.04,76.46,79.6,62.42,68.76,80.66,74.25,83.18,91.19,93.65,80.51,87.23,86.2,103.05,0,0,0,0,0,0,0,0,0,0,0,0,0,0,0,0,0,0,0,0,0,0,0,0
Frt04710,HARINAGRO V1,2918017,10/03/2022,P,330.32,315.72,215.96,239.36,185.92,137.52,120.74,121.86,144.16,141.59,164.25,172.94,169.31,112.77,113.35,197.64,185.53,197.87,268.31,240.34,243.05,207.56,175.57,221.18,0,0,0,0,0,0,0,0,0,0,0,0,0,0,0,0,0,0,0,0,0,0,0,0,109.71,105.21,76.25,79.16,62.39,48.49,39.92,41.87,48.13,42.59,48.22,60.28,55.64,34.43,34.49,62.28,55.78,60.71,86.54,77.42,78.23,67.07,59.22,73.42,0,0,0,0,0,0,0,0,0,0,0,0,0,0,0,0,0,0,0,0,0,0,0,0
Frt04710,HARINAGRO V1,2918017,10/04/2022,P,261.05,256.82,266.27,233.08,177.03,204.37,179.98,240.03,281.45,249.46,239.76,227.77,208.87,218.39,179.28,238.16,234.02,272.07,254.54,268.07,248.56,230.06,259.88,245.66,0,0,0,0,0,0,0,0,0,0,0,0,0,0,0,0,0,0,0,0,0,0,0,0,84.29,84.4,87.16,74.18,56.32,65.16,53.55,73.13,87.71,77.02,73.1,66.58,61.2,70.54,59.63,73.13,71.33,86.63,79.72,84.58,77.56,73.24,82.53,77.04,0,0,0,0,0,0,0,0,0,0,0,0,0,0,0,0,0,0,0,0,0,0,0,0
Frt05111,ITALCOL GIRON PLANTA II PRINCIPAL ,38289350,10/01/2022,P,462.65,301.3,89.13,86.25,105.69,411.01,479.67,450.34,393.99,433.32,500.37,410.9,484.04,507.96,411.93,450.69,389.28,513.71,509.91,453.79,420.55,466.1,369.96,412.05,0,0,0,0,0,0,0,0,0,0,0,0,0,0,0,0,0,0,0,0,0,0,0,0,140.53,84.07,11.62,14.49,15.41,113.51,169.4,174.57,158.36,178.71,214.82,169.05,176.64,200.91,170.43,181.7,148.24,193.89,183.42,166.98,162.27,166.17,119.14,121.21,0,0.12,0,0.12,0,0,0,0,0,0,0,0,0,0,0,0,0,0,0,0,0,0,0,0
Frt05111,ITALCOL GIRON PLANTA II PRINCIPAL ,38289350,10/02/2022,P,444.25,251.51,38.87,20.36,20.01,19.67,21.28,21.51,48.3,43.01,51.06,52.33,51.98,56.58,53.94,54.4,56.69,56.24,60.03,56.81,64.52,319.7,419.75,368.92,0,0,0,0,0,0,0,0,0,0,0,0,0,0,0,0,0,0,0,0,0,0,0,0,128.92,53.59,4.94,1.15,0.81,0.92,3.11,3.11,10.81,11.38,12.88,13.8,12.19,15.52,14.49,14.95,15.76,13.69,14.26,13.57,14.95,86.71,122.82,110.17,0,0.46,0.23,0.92,0.69,1.04,0.12,0,0,0,0,0,0,0,0.12,0,0,0,0,0,0,0,0,0
Frt05111,ITALCOL GIRON PLANTA II PRINCIPAL ,38289350,10/03/2022,P,432.63,382.61,444.02,471.27,441.03,313.03,110.52,417.34,441.14,494.04,498.87,311.88,434.93,469.09,522.22,552.8,531.76,373.18,135.59,361.33,467.13,481.74,456.21,466.33,0,0,0,0,0,0,0,0,0,0,0,0,0,0,0,0,0,0,0,0,0,0,0,0,125.35,115.58,154.68,168.13,135.13,75.67,18.63,133.17,164.91,183.08,172.5,81.77,140.19,151.23,190.67,217.58,221.49,129.26,28.75,125.01,175.03,174.8,138.12,143.63,0,0,0,0,0,0,0,0,0,0,0,0,0,0,0,0,0,0,0,0,0,0,0,0
Frt05111,ITALCOL GIRON PLANTA II PRINCIPAL ,38289350,10/04/2022,P,396.87,241.73,169.74,106.49,82.91,85.21,154.45,371.91,425.5,520.38,463.79,479.78,494.61,482.54,460.46,435.62,513.13,470.12,479.09,489.44,368.58,494.73,488.17,519.34,0,0,0,0,0,0,0,0,0,0,0,0,0,0,0,0,0,0,0,0,0,0,0,0,123.28,69.57,27.95,17.02,16.91,18.06,33.01,122.24,153.53,178.94,162.04,166.98,171.46,164.22,148.93,136.28,183.2,182.51,189.98,187.8,144.67,193.55,188.14,224.6,0,0,0,0,0,0,0,0,0,0,0,0,0,0,0,0,0,0,0,0,0,0,0,0
Frt05538,AGROPECUARIA ALFA 4 PRINCIPAL,32271912,10/01/2022,P,16.33,14.95,8.28,9.89,9.89,10.12,9.89,8.28,4.14,127.65,240.58,261.97,232.99,284.05,309.58,282.9,259.44,244.49,212.98,197.57,195.73,193.43,166.75,160.54,0,0,0,0,0,0,0,0,0,0,0,0,0,0,0,0,0,0,0,0,0,0,0,0,11.5,5.52,0,0.92,0.92,0.92,0.69,1.15,8.74,53.36,89.01,92.23,80.96,97.06,106.95,99.13,94.07,89.24,73.83,65.09,64.63,68.08,53.36,52.67,0,1.15,3.91,0.46,0,0,0,0.69,0,0,0,0,0,0,0,0,0,0,0,0,0,0,0,0
Frt05538,AGROPECUARIA ALFA 4 PRINCIPAL,32271912,10/02/2022,P,180.32,178.02,167.67,144.9,140.99,132.71,149.73,237.13,261.28,291.64,294.4,270.94,260.13,284.28,303.37,278.07,263.35,242.65,76.36,73.83,72.68,72.91,68.77,70.15,0,0,0,0,0,0,0,0,0,0,0,0,0,0,0,0,0,0,0,0,0,0,0,0,65.09,67.39,65.32,57.73,61.64,61.64,72.22,94.53,82.57,91.77,90.39,93.61,90.85,107.64,128.8,101.66,94.99,89.24,10.58,9.66,11.27,12.88,13.11,15.41,0,0,0,0,0,0,0,0,0,0,0,0,0,0,0,0,0,0,0,0,0,0,0,0
Frt05538,AGROPECUARIA ALFA 4 PRINCIPAL,32271912,10/03/2022,P,77.05,80.04,88.09,86.48,78.43,85.1,96.37,244.26,315.79,341.32,370.07,309.81,126.73,176.87,316.25,370.99,314.18,274.62,161,81.19,77.97,73.14,74.75,75.21,0,0,0,0,0,0,0,0,0,0,0,0,0,0,0,0,0,0,0,0,0,0,0,0,21.85,23.46,32.66,32.43,25.53,25.76,31.97,108.1,145.36,156.86,171.58,139.15,39.1,83.95,160.31,164.68,123.51,111.78,54.51,17.25,20.01,10.58,11.96,15.87,0,0,0,0,0,0,0,0,0,0,0,0,0,0,0,0,0,0,0,0,0,0,0,0
Frt05538,AGROPECUARIA ALFA 4 PRINCIPAL,32271912,10/04/2022,P,81.88,88.09,88.09,84.64,82.57,78.2,93.84,176.64,357.65,475.18,521.64,540.96,477.25,559.82,559.36,556.37,472.88,431.48,401.12,394.22,385.94,369.84,371.68,372.14,0,0,0,0,0,0,0,0,0,0,0,0,0,0,0,0,0,0,0,0,0,0,0,0,23.23,28.29,30.36,30.13,30.36,25.3,23.23,59.8,143.52,200.79,207.69,209.3,177.56,223.1,227.01,227.24,199.41,188.14,163.76,166.52,164.45,155.94,152.95,151.8,0,0,0,0,0,0,0,0,0,0,0,0,0,0,0,0,0,0,0,0,0,0,0,0
Frt05856,ITALCOL GIRARDOTA PRINCIPAL,2841119,10/01/2022,P,998.85,1045.9,932.15,954.65,848.5,788,438.55,383.2,733,884.25,800.35,622.05,627.95,626.7,804,926.3,644.6,908.1,899.3,860.2,871.5,721.95,99.8,74.45,0,0,0,0,0,0,0,0,0,0,0,0,0,0,0,0,0,0,0,0,0,0,0,0,380.15,415.6,364.15,372.25,341.45,303.2,167.85,136.7,276.05,327.35,298.55,262,267.9,264.9,302.25,353.6,252.15,348.95,359.2,343.4,346.95,268.45,29,19.95,0,0,0,0,0,0,0,0,0,0,0,0,0,0,0,0,0,0,0,0,0,0,0,0
Frt05856,ITALCOL GIRARDOTA PRINCIPAL,2841119,10/02/2022,P,62.35,59.2,58.95,56.1,59.1,56.25,53.65,60.65,52.4,47.55,49.8,51.35,54.1,56.1,60,56.45,55.7,52.2,45.25,29.55,28.9,28.75,27.5,27.15,0,0,0,0,0,0,0,0,0,0,0,0,0,0,0,0,0,0,0,0,0,0,0,0,15.8,13.75,11.75,9.7,15.5,10.2,10.1,17.6,14.95,8.55,12.4,11.5,8.1,8.65,9.15,8.95,9.6,8.95,13.65,3.15,3.6,3.4,3.45,3,0,0,0,0,0,0,0,0,0,0,0,0,0,0,0,0,0,0,0,0,0,0,0,0
Frt05856,ITALCOL GIRARDOTA PRINCIPAL,2841119,10/03/2022,P,27.5,27.05,26.8,26.65,38.2,65,88.1,224.15,889.4,814.85,991.7,848.05,965.8,911.05,900.2,822.9,768.25,888.25,537.4,434.85,870.2,925.55,842.65,822.85,0,0,0,0,0,0,0,0,0,0,0,0,0,0,0,0,0,0,0,0,0,0,0,0,3.7,3.55,3.45,3.3,5.95,10.05,18.2,81.7,351.4,345.95,403.35,362.5,391.15,342.65,352.2,339.65,332.5,339.4,168.85,170.3,343.45,389.45,359.35,355.7,0,0,0,0,0,0,0,0,0,0,0,0,0,0,0,0,0,0,0,0,0,0,0,0
Frt05856,ITALCOL GIRARDOTA PRINCIPAL,2841119,10/04/2022,P,950.4,1073.7,702.5,809.2,886.75,734.45,389.8,321.35,430.2,700,847.05,820.05,644.8,619.6,982.6,1030.15,1126.4,860.8,517.9,622.2,608.95,919.4,902.7,695.4,0,0,0,0,0,0,0,0,0,0,0,0,0,0,0,0,0,0,0,0,0,0,0,0,398.45,417.95,242.75,322.05,347.05,301,128.3,115.8,149,278.75,340.1,327.4,247.3,205,373.55,404.45,438,343.2,169.25,271.15,260.4,362.95,348.45,276.4,0,0,0,0,0,0,0,0,0,0,0,0,0,0,0,0,0,0,0,0,0,0,0,0
Frt06910,ITALCOL IBAGUE,2839470,10/01/2022,P,170.86,158.71,182.79,180.97,161.83,37.1,92.16,212.82,212,171.67,182.84,79.95,178.72,102.9,36.61,214.91,294.46,302.39,290.36,301.72,246.95,173.52,11.82,8.88,0,0,0,0,0,0,0,0,0,0,0,0,0,0,0,0,0,0,0,0,0,0,0,0,46.89,48.26,50.66,52.48,43.92,4.84,21.33,68.43,67.98,57.62,55.11,28.38,54.15,30.58,16.6,71,106.84,108.42,98.86,110.49,93.45,61.28,6.9,0.95,0,0,0,0,0,0,0,0,0,0,0,0,0,0,0,0,0,0,0,0,0,0,0,0
Frt06910,ITALCOL IBAGUE,2839470,10/02/2022,P,9.37,9.56,8.7,9.1,9.8,9.06,8.32,7.86,7.16,7.81,6.64,6.33,19.26,21.38,21.79,22.78,23,21.76,13.71,16.79,18.17,18.57,113.78,154.34,0,0,0,0,0,0,0,0,0,0,0,0,0,0,0,0,0,0,0,0,0,0,0,0,1.98,2.47,1.5,1.83,2.76,3.16,2.77,1.78,2.33,2.69,1.78,1.18,5.55,6.76,7.02,7.91,8.09,6.9,1.94,3.62,4.08,5.89,39.76,50.97,0,0,0,0,0,0,0,0,0,0,0,0,0,0,0,0,0,0,0,0,0,0,0,0
Frt06910,ITALCOL IBAGUE,2839470,10/03/2022,P,110.7,160.57,159.23,184.3,185.71,142.01,55.75,76.46,211.99,212.28,0,0,0,0.92,36.76,105.3,187.21,139.02,181.25,236.2,275.07,174.54,62.83,177.65,0,0,0,0,0,0,0,0,0,0,0,0,0,0,0,0,0,0,0,0,0,0,0,0,41.66,53.98,51.62,59.84,58.26,43.25,27.03,27.26,73.49,73.56,0,0,0,1.57,23.53,51.05,66.97,53.89,63.8,94.75,102.13,67.78,25.92,59.17,0,0,0,0,0,0,0,0,0,0,0,0,0,0,0,0,0,0,0,0,0,0,0,0
Frt06910,ITALCOL IBAGUE,2839470,10/04/2022,P,148.41,36.64,26.32,143.63,136.36,16.09,28.43,34.74,112.01,190.53,244.73,271.7,216.11,183.89,173.89,77.08,197.47,268.3,239.01,251.39,271.07,277.51,176.19,173.09,0,0,0,0,0,0,0,0,0,0,0,0,0,0,0,0,0,0,0,0,0,0,0,0,55.07,14.49,9.57,49.41,49.91,5.89,18.26,21.29,42.16,71.72,97.39,117.07,89.4,66.84,63.51,37.13,78.14,98.1,90.05,102.42,110.04,101.9,58.19,54.31,0,0.03,0,0,0,0,0,0,0,0,0,0,0,0,0,0,0,0,0,0,0,0,0,0
Frt07138,AVIFONCE SABANALARGA,37922276,10/01/2022,P,249.61,249.3,245.26,234.7,230.03,229.37,220.84,144.45,131.08,129.01,140.93,149.64,148.06,98.78,120.38,182.42,289.12,287.5,251.37,235,229.02,233.24,231.09,228.71,0,0,0,0,0,0,0,0,0,0,0,0,0,0,0,0,0,0,0,0,0,0,0,0,109.6,108.86,106.52,103.84,102.43,98.78,84.52,68.24,64.59,58.26,65.91,66.26,65.74,50.78,58.61,90.07,115.76,115.5,108.42,100.01,96.23,98.16,96.67,96.14,0,0,0,0,0,0,0,0,0,0,0,0,0,0,0,0,0,0,0,0,0,0,0,0
Frt07138,AVIFONCE SABANALARGA,37922276,10/02/2022,P,228.4,225.15,224.22,225.41,223.74,221.58,202.18,116.51,44.31,36.92,29.08,54.34,85.93,72.03,152.59,244.95,242.4,244.68,235.93,229.5,227.96,231,244.24,238.83,0,0,0,0,0,0,0,0,0,0.04,0.13,0.09,0.04,0.04,0,0,0,0,0,0,0,0,0,0,97.64,95.7,94.69,95.13,94.56,95.7,92.93,65.87,50.42,35.99,39.2,56.14,63.71,59.09,82.1,108.72,107.93,107.23,99.53,95.26,95.83,97.2,103.84,103.4,0,0,0,0,0,0,0,0,0,0,0,0,0,0,0,0,0,0,0,0,0,0,0,0
Frt07138,AVIFONCE SABANALARGA,37922276,10/03/2022,P,235.14,240.5,244.29,244.38,241.34,234.78,226.38,171.42,97.9,56.67,23.41,39.25,64.37,70.09,100.14,205.22,256.92,276.8,313.54,313.24,278.61,286,279.44,282.44,0,0,0,0,0,0,0,0,0,0,0,0,0,0.04,0,0,0,0,0,0,0,0,0,0,101.95,106.17,107.4,107.93,105.25,104.28,103.36,80.87,61.69,52.84,52.54,58.61,68.38,52.8,64.86,96.01,110.13,118.8,131.6,130.5,116.07,114.8,112.38,117.22,0,0,0,0,0,0,0,0,0,0,0,0,0,0,0,0,0,0,0,0,0,0,0,0
Frt07138,AVIFONCE SABANALARGA,37922276,10/04/2022,P,274.74,289.56,291.76,285.34,282.3,266.42,243.28,177.41,117.35,64.11,68.46,35.07,49.54,55.22,129.62,176,262.59,290.88,290.53,273.94,250.54,257.36,243.28,243.58,0,0,0,0,0,0,0,0,0,0,0,0.04,0,0,0,0,0,0,0,0,0,0,0,0,115.76,123.51,126.94,126.37,127.82,113.34,95.92,75.77,64.28,48.84,50.34,40.79,49.02,42.42,67.06,74.89,116.07,114,129.1,119.86,106.57,108.72,105.16,108.68,0,0,0,0,0,0,0,0,0,0,0,0,0,0,0,0,0,0,0,0,0,0,0,0
Frt07217,ITALCOL MASCOTAS PRINCIPAL,38289438,10/01/2022,P,1008,936,864,936,696,432,264,240,240,240,240,216,240,192,216,216,192,216,192,216,168,192,168,168,0,0,0,0,0,0,0,0,0,0,0,0,0,0,0,0,0,0,0,0,0,0,0,0,336,312,264,288,168,120,72,48,72,72,72,72,48,72,48,72,72,72,48,72,48,48,48,48,0,0,0,0,0,0,0,0,0,0,0,0,0,0,0,0,0,0,0,0,0,0,0,0
Frt07217,ITALCOL MASCOTAS PRINCIPAL,38289438,10/02/2022,P,168,168,168,192,144,216,288,336,432,480,480,624,840,960,912,1032,1008,888,648,768,768,672,864,984,0,0,0,0,0,0,0,0,0,0,0,0,0,0,0,0,0,0,0,0,0,0,0,0,48,72,48,24,48,48,72,72,96,144,120,168,288,360,312,336,360,312,168,216,192,192,264,336,0,0,0,0,0,0,0,0,0,0,0,0,0,0,0,0,0,0,0,0,0,0,0,0
Frt07217,ITALCOL MASCOTAS PRINCIPAL,38289438,10/03/2022,P,984,1080,1032,1104,1272,1176,1248,1008,1008,864,840,816,1056,1128,1008,960,1056,1008,1032,1152,1128,1224,1056,984,0,0,0,0,0,0,0,0,0,0,0,0,0,0,0,0,0,0,0,0,0,0,0,0,360,360,336,312,408,384,408,336,336,288,216,216,336,360,312,312,384,384,408,384,408,408,312,264,0,0,0,0,0,0,0,0,0,0,0,0,0,0,0,0,0,0,0,0,0,0,0,0
Frt07217,ITALCOL MASCOTAS PRINCIPAL,38289438,10/04/2022,P,1008,888,768,984,1104,1080,1056,984,936,840,960,1008,1008,816,816,864,768,648,648,936,960,936,960,960,0,0,0,0,0,0,0,0,0,0,0,0,0,0,0,0,0,0,0,0,0,0,0,0,264,240,192,264,336,336,336,312,312,288,312,360,312,240,240,264,192,168,192,288,264,264,264,240,0,0,0,0,0,0,0,0,0,0,0,0,0,0,0,0,0,0,0,0,0,0,0,0
Frt07566,ITALCOL NEIVA PRINCIPAL,2841246,10/01/2022,P,1324.17,1423.49,1544.54,1402.7,1260.14,1347.26,1541.39,1680.66,1377.18,1238.9,1357.43,1268.69,945.54,1129.41,786.69,1030.37,1033.07,1210.05,1023.7,938.43,836.37,1107.59,1847.84,1881.68,0,0,0,0,0,0,0,0,0,0,0,0,0,0,0,0,0,0,0,0,0,0,0,0,393.12,448.79,630.5,440.28,391.95,441.5,478.58,528.89,415.44,440.64,503.69,543.42,445.86,368.51,240.84,296.51,290.39,471.73,460.21,256.73,231.57,333.63,733.01,589.19,0,0,0,0,0,0,0,0,0,0,0,0,0,0,0,0,0,0,0,0,0,0,0,0
Frt07566,ITALCOL NEIVA PRINCIPAL,2841246,10/02/2022,P,1839.6,1985.04,1578.2,1570.01,1422.68,714.06,133.29,120.33,118.53,113.94,118.58,122.49,127.62,159.71,182.88,363.06,422.15,496.89,390.65,381.29,375.75,586.17,797.45,1565.46,0,0,0,0,0,0,0,0,0,0,0,0,0,0,0,0,0,0,0,0,0,0,0,0,589.32,626.85,504.77,491.63,447.75,230.13,0,0,0,0,0,0,0,0.99,34.2,111.11,113.81,137.66,108.72,110.21,108,162.41,249.03,489.42,0,0,0,0,0,0,24.3,27.54,27.5,28.4,27.58,27.59,25.56,11.66,6.26,0.59,0,0.5,0,1.89,0,0.54,0,0
Frt07566,ITALCOL NEIVA PRINCIPAL,2841246,10/03/2022,P,1512,1435.86,1567.94,1275.03,1097.15,872.95,630.95,677.79,1087.02,920.3,1314.22,1053.58,1106.69,1068.66,1107.72,1134.09,1132.38,1097.24,1012.9,1037.3,1018.49,1048.64,1254.56,1516.23,0,0,0,0,0,0,0,0,0,0,0,0,0,0,0,0,0,0,0,0,0,0,0,0,478.62,447.3,492.66,382.73,334.53,250.65,157.41,175.14,287.55,258.44,372.56,308.57,316.13,294.35,310.1,311.54,313.87,307.49,277.61,285.35,288.32,290.66,365.13,466.16,0,0,0,0,0,0,0,0,0,0,0,0,0,0,0,0,0,0,0,0,0,0,0,0
Frt07566,ITALCOL NEIVA PRINCIPAL,2841246,10/04/2022,P,1214.82,1868.58,1819.49,1655.24,1740.24,1011.87,568.35,486.95,464.72,537.12,776.3,980.91,940.77,1063.08,1145.66,1083.38,1034.91,1087.02,1161.14,1367.87,1284.03,1529.73,1402.92,1640.93,0,0,0,0,0,0,0,0,0,0,0,0,0,0,0,0,0,0,0,0,0,0,0,0,413.06,653.67,549.94,509.31,529.83,287.77,164.21,136.71,118.67,137.93,209.25,265.59,418.14,521.05,463.41,303.66,284.81,293.94,494.15,473.09,367.43,450.18,489.42,549.9,0,0,0,0,0,0,0,0,0.59,0,0,0,0,0,0,0,0,0,0,0,0,0,0,0
Frt20388,ITALCOL SAN MARINO FLANDES V1,2910140,10/01/2022,P,0,0,0,0,0,0,0,0,0,0,0,0,0,0,0,59.46,233.39,286.12,283.16,282.18,275.48,271.63,262.4,261.42,0,0,0,0,0,0,0,0,0,0,0,0,0,0,0,2.04,0,0,0,0,0,0,0,0,0,0,0,0,0,0,0,0,0,0,0,0,0,0,0,32.06,82.51,90.07,98.35,94.65,88.69,90.74,88.29,85.7,0,0,0,0,0,0,0,0,0,0,0,0,0,0,0,0,0,0,0,0,0,0,0,0
Frt20388,ITALCOL SAN MARINO FLANDES V1,2910140,10/02/2022,P,263.32,264.36,259.41,254.41,254.12,252.89,233.77,175.17,84.35,0,0,0.29,11.1,0,15.27,158.33,212.12,299.92,302.94,291.18,289.69,285.54,278.56,274.62,0,0,0,0,0,0,0,0,14.49,88.72,114.22,104.16,71.41,96.54,62.59,7.45,0,0,0,0,0,0,0,0,88.61,92.12,87.66,87.17,86.85,86.94,74.63,72.31,42.32,12.94,8.94,9.2,17.19,12.82,21.97,70.67,87.23,100.63,104.59,101.09,101.43,99.99,93.7,99.42,0,0,0,0,0,0,0,0,0,0.63,0.46,1.12,0.35,0.12,0,0,0,0,0,0,0,0,0,0
Frt20388,ITALCOL SAN MARINO FLANDES V1,2910140,10/03/2022,P,273.59,269.45,265.65,255.13,251.56,254.7,238.91,141.54,27.49,0.98,2.13,7.62,45.94,48.47,95.08,161.37,298.43,385.62,386.52,367.17,325.22,317.8,291.27,280.66,0,0,0,0,0,0,0,0,3.36,35.48,63.34,60.03,14.49,18.83,0,0,0,0,0,0,0,0,0,0,100.51,96.28,96.4,89.79,84.24,83.58,75.99,62.62,29.9,22.08,16.82,21.51,50.17,52.61,67.07,78.8,120.18,138.89,150.71,140.76,120.55,115.55,101.34,93.78,0,0,0,0,0,0,0,0,0,0,0.2,0.12,0,0,0,0,0,0,0,0,0,0,0,0
Frt20388,ITALCOL SAN MARINO FLANDES V1,2910140,10/04/2022,P,276.52,270.19,262.83,257.86,259.56,251.19,230.92,217.81,109.02,59.48,16.1,0,0,13.97,52.99,179.75,306.68,361.96,362.37,355.35,351.18,351.61,353.4,342.93,0,0,0,0,0,0,0,1.18,0.81,7.82,75.58,176.04,100.63,33.95,18.66,0,0,0,0,0,0,0,0,0,94.88,93.04,88.58,87.75,87.72,78.89,71.73,74.69,44.91,32.23,11.21,0.69,9.03,29.96,46.06,84.27,122.99,132.31,142.57,140.01,141.28,144.84,144.53,139.81,0,0,0,0,0,0,0,0.66,0,0.43,4,16.3,0.69,0.12,0,0,0,0,0,0,0,0,0,0
Frt21318,RIVERPORT ALIMENTO RESPALDO,38289442,10/01/2022,P,1483.5,1656,1725,1518,1690.5,1207.5,1414.5,1656,1656,1621.5,1483.5,1104,1518,1656,1794,1587,1311,1552.5,1690.5,1587,1207.5,1242,1587,1552.5,0,0,0,0,0,0,0,0,0,0,0,0,0,0,0,0,0,0,0,0,0,0,0,0,552,621,621,552,621,448.5,517.5,621,621,655.5,552,414,552,586.5,690,552,448.5,552,621,552,414,448.5,586.5,552,0,0,0,0,0,0,0,0,0,0,0,0,0,0,0,0,0,0,0,0,0,0,0,0
Frt21318,RIVERPORT ALIMENTO RESPALDO,38289442,10/02/2022,P,1483.5,1587,1518,1656,1656,1794,1345.5,1414.5,1656,1587,1311,1345.5,966,862.5,1345.5,1414.5,1173,1242,1069.5,1311,1587,1518,1207.5,1069.5,0,0,0,0,0,0,0,0,0,0,0,0,0,0,0,0,0,0,0,0,0,0,0,0,586.5,621,586.5,621,621,690,517.5,517.5,655.5,621,517.5,517.5,345,310.5,483,483,414,448.5,379.5,483,586.5,552,448.5,379.5,0,0,0,0,0,0,0,0,0,0,0,0,0,0,0,0,0,0,0,0,0,0,0,0
Frt21318,RIVERPORT ALIMENTO RESPALDO,38289442,10/03/2022,P,1380,966,1345.5,1242,1587,1242,1069.5,1483.5,1242,1587,1828.5,1345.5,1242,1483.5,1587,1518,1449,1242,1276.5,1138.5,1138.5,1000.5,1242,1207.5,0,0,0,0,0,0,0,0,0,0,0,0,0,0,0,0,0,0,0,0,0,0,0,0,483,345,483,448.5,552,448.5,379.5,517.5,448.5,621,690,483,448.5,517.5,586.5,552,517.5,448.5,483,414,379.5,379.5,483,448.5,0,0,0,0,0,0,0,0,0,0,0,0,0,0,0,0,0,0,0,0,0,0,0,0
Frt21318,RIVERPORT ALIMENTO RESPALDO,38289442,10/04/2022,P,1414.5,966,1483.5,1690.5,1690.5,1414.5,1621.5,1690.5,1656,1414.5,1311,1725,1380,1483.5,1621.5,1345.5,1552.5,1483.5,1587,1104,1000.5,1207.5,1276.5,1587,0,0,0,0,0,0,0,0,0,0,0,0,0,0,0,0,0,0,0,0,0,0,0,0,517.5,345,586.5,655.5,621,552,621,655.5,621,517.5,483,655.5,517.5,552,586.5,552,586.5,586.5,586.5,414,379.5,483,552,586.5,0,0,0,0,0,0,0,0,0,0,0,0,0,0,0,0,0,0,0,0,0,0,0,0
Frt21319,RIVER PUERTO PRINCIPAL,38289439,10/01/2022,P,111,111.6,102.6,101.4,127.5,98.4,111.9,117.3,89.7,130.5,159.6,129.3,105.3,107.7,91.2,110.4,113.1,108.9,87.6,128.7,134.4,124.8,121.5,123,0,0,0,0,0,0,0,0,0,0,0,0,0,0,0,0,0,0,0,0,0,0,0,0,47.4,46.2,45,45.9,43.8,38.1,36,36,31.2,39.3,46.5,38.1,35.7,35.7,32.4,38.4,41.4,42.9,18.6,49.8,52.2,42,51,40.8,0,0,0,0,0,0,0,0,0,0,0,0,0.3,0.3,0.3,0,0,0,0,0,0.3,0,0,0
Frt21319,RIVER PUERTO PRINCIPAL,38289439,10/02/2022,P,124.5,142.5,130.5,132.9,106.5,109.5,108.3,116.7,124.8,97.8,62.4,65.7,44.7,45.9,80.7,101.1,120.9,154.8,144.6,140.7,151.5,110.4,144.6,129.6,0,0,0,0,0,0,0,0,0,0,0,0,0,0,0,0,0,0,0,0,0,0,0,0,45.3,53.1,56.4,47.4,29.4,33.9,37.5,39,41.4,42.3,27,26.1,23.1,23.4,24,29.7,39.3,55.8,60,49.5,54.3,39,48.9,48.9,0,0,0,0,0,0,0,0,0,0,0.6,0,1.2,0,0.3,0.3,0,0,0,0,0.3,0.3,0,0.6
Frt21319,RIVER PUERTO PRINCIPAL,38289439,10/03/2022,P,126.6,95.1,84.9,84,129.6,87,85.2,121.5,91.5,72.6,300.3,323.1,363,248.1,182.7,187.5,193.8,171.9,164.7,238.8,333.9,367.8,342,377.7,0,0,0,0,0,0,0,0,0,0,0,0,0,0,0,0,0,0,0,0,0,0,0,0,46.8,24.3,14.4,15,43.8,22.5,20.4,33.3,23.1,21.3,82.8,87.6,101.1,66.9,51.6,54.9,56.4,53.7,59.1,76.2,102.6,110.4,101.7,114.6,0,0,0,0,0,0.3,0,0,0,0,0,0,0,0,0,0,0,0,1.8,0,0,0,0,0
Frt21319,RIVER PUERTO PRINCIPAL,38289439,10/04/2022,P,422.7,396.6,378.9,433.2,446.4,453.9,320.7,363.6,401.1,404.4,387,330.6,365.4,362.4,370.8,411.6,431.7,417.9,312,342,288.3,228.6,204,266.4,0,0,0,0,0,0,0,0,0,0,0,0,0,0,0,0,0,0,0,0,0,0,0,0,129.3,120.3,114.3,129.9,133.5,135.3,94.8,102.3,117,122.7,118.2,98.1,108.3,108.9,115.8,125.1,131.7,127.5,96.9,107.4,90.6,70.8,63.9,81,0,0,0,0,0,0,0,0,0,0,0,0,0,0,0,0,0,0,0,0,0.9,0.3,0.3,0.3
Frt24857,ITALCOL PEREIRA RESPALDO,2839472,10/01/2022,P,723.06,443.9,590.24,656.07,379.21,111.84,490.19,616.11,769.93,526.41,899.3,685.4,898.15,491.05,426.65,437.58,778.84,476.1,611.51,346.72,623.3,250.13,18.11,17.83,0,0,0,0,0,0,0,0,0,0,0,0,0,0,0,0,0,0,0,0,0,0,0,0,310.5,181.7,245.81,276.58,146.34,33.64,199.24,266.51,333.5,225.4,403.94,300.44,403.08,203.55,172.21,180.26,345.29,192.34,257.89,133.11,262.77,93.73,0,0,0,0,0,0,0,0,0,0,0,0,0,0,0,0.29,0,0,0,0,0,0.57,0,0.86,1.73,1.44
Frt24857,ITALCOL PEREIRA RESPALDO,2839472,10/02/2022,P,17.54,17.83,17.83,17.25,17.25,16.67,27.03,50.31,47.15,47.44,50.6,46.58,46.86,46.29,27.31,16.96,15.81,15.53,16.68,16.96,16.96,16.96,22.43,19.84,0,0,0,0,0,0,0,0,0,0,0,0,0,0,0,0,0,0,0,0,0,0,0,0,0,0,0,0,0,0,1.44,7.19,3.74,2.3,3.45,2.01,2.3,2.3,1.15,0,0,0,0,0,0,0,0,0,1.73,1.44,1.44,1.73,1.44,1.44,0.86,0,0,0,0,0,0,0,1.73,2.88,2.88,2.88,3.16,3.45,3.16,3.16,2.01,2.59
Frt24857,ITALCOL PEREIRA RESPALDO,2839472,10/03/2022,P,17.54,17.54,18.4,17.25,17.54,86.25,436.14,397.9,716.74,427.8,669.3,420.9,677.93,614.1,441.31,423.49,447.64,751.53,414.58,699.49,415.44,340.69,442.46,56.06,0,0,0,0,0,0,0,0,0,0,0,0,0,0,0,0,0,0,0,0,0,0,0,0,0,0,0,0,0,20.7,180.26,161.29,307.91,176.24,290.09,171.92,294.69,256.74,172.79,172.21,185.44,329.19,167.04,301.88,169.34,133.98,180.55,6.61,3.16,3.16,3.16,3.16,3.45,1.15,0.29,0,0,0,0,0,0,0,0,0.29,0,0,0,0,0,0.29,0.29,0.29
Frt24857,ITALCOL PEREIRA RESPALDO,2839472,10/04/2022,P,50.6,48.3,18.69,19.26,18.98,43.99,260.48,528.71,711.85,659.24,618.99,532.74,859.34,850.14,566.95,431.25,634.8,742.61,462.01,654.93,473.23,532.16,437,60.95,0,0,0,0,0,0,0,0,0,0,0,0,0,0,0,0,0,0,0,0,0,0,0,0,4.02,2.59,0,0,0,4.03,98.32,223.39,313.38,282.61,268.24,219.08,395.6,378.92,242.36,175.09,270.25,325.74,193.49,277.15,194.06,213.04,173.36,11.21,0,0,2.3,2.59,2.3,1.15,1.15,0,0,0,0,0,0,0,0,0,0,0,0,0,0,0,0.57,0.57
Frt27027,ITALCOL PALMIRA PRINCIPAL V1,83692689,10/01/2022,P,799.92,664.38,598.32,703.98,657.36,622.44,484.74,583.92,501.84,464.94,803.7,830.52,855.54,803.34,839.7,834.84,775.44,759.06,716.76,691.74,605.16,701.46,682.74,569.34,0,0,0,0,0,0,0,0,0,0,0,0,0,0,0,0,0,0,0,0,0,0,0,0,285.66,219.6,212.04,258.66,206.82,181.44,113.76,165.06,131.94,129.24,317.52,353.7,361.98,345.78,351.18,351.36,284.4,310.68,313.02,271.62,230.04,297.54,256.68,173.7,0,0,0,0,0,0,0.18,0,0,0,0,0,0,0,0,0,0,0,0,0,0,0,0,0
Frt27027,ITALCOL PALMIRA PRINCIPAL V1,83692689,10/02/2022,P,528.66,596.52,668.52,579.24,503.28,547.38,545.94,441.18,570.06,686.34,715.5,760.86,682.92,560.52,549.72,517.5,504.9,456.84,365.76,555.66,595.8,696.24,630.18,699.12,0,0,0,0,0,0,0,0,0,0,0,0,0,0,0,0,0,0,0,0,0,0,0,0,212.04,269.1,216.36,193.5,162.9,155.88,161.82,118.8,228.06,340.92,339.12,320.04,298.62,202.5,171.72,136.08,124.92,110.34,87.3,163.62,173.88,213.66,158.4,204.66,0,0,0,0,0,0,0,0,0,0,0,0,0,0,0,0,0,0,0,0,0,0,0,0
Frt27027,ITALCOL PALMIRA PRINCIPAL V1,83692689,10/03/2022,P,709.74,623.52,699.84,567.72,587.34,649.26,534.42,537.84,510.66,514.98,810.9,812.34,703.26,751.86,788.22,810.54,785.88,643.32,633.24,681.3,556.56,575.46,498.78,501.84,0,0,0,0,0,0,0,0,0,0,0,0,0,0,0,0,0,0,0,0,0,0,0,0,205.92,168.3,197.1,151.56,150.12,192.42,167.4,196.92,124.38,128.34,293.22,289.08,204.66,270.9,275.22,282.24,258.84,228.42,240.84,232.2,165.24,153,108.54,114.48,0,0,0,0,0,0,0,0,0,0,0,0,0,0,0,0,0,0,0,0,0,0,0,0
Frt27027,ITALCOL PALMIRA PRINCIPAL V1,83692689,10/04/2022,P,575.64,691.38,695.7,637.02,585.72,693,584.82,533.34,674.28,692.64,738.36,844.74,909.18,935.1,906.84,872.1,687.24,763.2,764.64,867.78,782.82,826.74,828.54,758.7,0,0,0,0,0,0,0,0,0,0,0,0,0,0,0,0,0,0,0,0,0,0,0,0,158.04,213.84,203.58,179.64,169.02,199.8,161.46,128.34,190.26,206.82,228.96,277.56,317.52,409.5,408.42,389.16,285.12,329.94,284.94,330.3,274.86,273.6,269.46,226.62,0,0,0,0,0,0,0,0,0,0,0,0,0,0,0,0,0,0,0,0,0,0,0,0
Frt32334,CONCENTRADOS CRESTA ROJA LTDA. PRINCIPAL,2859838,10/01/2022,P,211.48,169.79,202.78,221.71,214.12,229.85,469.54,356.29,463.81,547.96,555.23,550.66,374.88,201.85,149.71,228.86,186.73,163.57,128.76,107.09,119.3,79.37,76.18,73.48,0,0,0,0,0,0,0,0,0,0,0,0,0,0,0,0,0,0,0,0,0,0,0,0,47.85,51.21,63.97,72.33,70.51,71.56,156.81,154.22,206.91,230.39,236.39,213.46,131.23,79.2,67.49,89.98,76.23,60.56,38.17,38.56,38.01,26.18,22.38,20.68,0,0,0,0,0,0,0,0,0.11,0,0,0,0,0,0,0,0,0,0,0,0.33,0,0,0
Frt32334,CONCENTRADOS CRESTA ROJA LTDA. PRINCIPAL,2859838,10/02/2022,P,70.02,70.68,69.91,69.68,69.96,66.72,62.54,63.42,62.04,58.52,57.48,54.5,59.24,64.68,65.94,64.9,63.53,58.19,56.16,55.22,55.71,55.06,54.89,54.45,0,0,0,0,0,0,0,0,0,0,0,0,0,0,0,0,0,0,0,0,0,0,0,0,18.48,19.58,19.31,19.09,19.14,17,16.89,16.5,16.28,16.72,16.88,15.18,17.6,21.67,23.04,23.54,22.88,19.25,14.79,13.59,13.26,12.27,12.32,14.47,0,0,0,0,0,0,0,0,0,0,0,0,0,0,0,0,0,0,0,0,0,0,0,0
Frt32334,CONCENTRADOS CRESTA ROJA LTDA. PRINCIPAL,2859838,10/03/2022,P,55.28,54.56,55.11,55.22,70.84,94.27,120.01,164.07,180.35,129.25,162.03,232.1,370.81,401.66,505.62,486.91,456.23,504.74,388.03,598.95,556.27,381.81,197.73,209.11,0,0,0,0,0,0,0,0,0,0,0,0,0,0,0,0,0,0,0,0,0,0,0,0,12.1,12.32,12.54,12.16,13.26,17.71,62.1,70.35,48.24,41.91,38.56,96.19,116.66,153.45,161.92,154.33,149.55,170.78,149.11,202.84,179.03,133.32,62.54,58.14,0,0,0,0,0,0,0,0,0,0,0,0,0,0,0,0,0,0,0,0,0,0,0,0
Frt32334,CONCENTRADOS CRESTA ROJA LTDA. PRINCIPAL,2859838,10/04/2022,P,221.65,227.98,229.41,206.2,113.8,122.21,180.29,260.42,484.55,572.5,561.99,438.79,487.08,324.61,432.03,456.83,438.41,347.43,398.42,484.06,641.24,457.6,319.33,503.2,0,0,0,0,0,0,0,0,0,0,0,0,0,0,0,0,0,0,0,0,0,0,0,0,62.43,64.74,65.29,56.65,31.79,33.28,83.98,123.15,181.78,206.42,205.76,160,146.52,85.86,144.1,152.9,141.02,122.32,166.05,165.11,190.8,165.06,169.84,182.16,0,0,0,0,0,0,0,0,0,0,0,0,0,0,0,0,0,0,0,0,0,0,0,0
Frt34676,SOCIEDAD PORTUARIA COQUECOL PRINCIPAL,2869398,10/01/2022,P,40.95,40.28,40.43,41.1,40.05,39.97,22.95,20.78,27.45,34.58,32.78,30.83,27.08,26.93,28.88,26.78,28.28,29.4,42.38,41.78,42,41.47,40.5,40.95,0,0,0,0,0,0,0,0,0,0,0,0,0,0,0,0,0,0,0,0,0,0,0,0,3.08,3.15,3.98,4.43,4.72,5.18,1.58,0,1.5,2.48,2.25,2.4,2.33,2.85,4.35,3.45,4.35,2.25,4.95,5.18,4.8,4.72,4.05,4.5,0,0,0,0,0,0,0.38,1.73,0.75,0,0,0,0,0,0,0,0,0.3,0,0,0,0,0,0
Frt34676,SOCIEDAD PORTUARIA COQUECOL PRINCIPAL,2869398,10/02/2022,P,41.4,40.43,40.65,40.88,40.5,40.13,24.9,23.18,27.15,30.75,31.43,31.8,32.55,33.6,36.83,34.05,28.58,34.28,45.3,44.78,43.88,43.65,43.58,43.88,0,0,0,0,0,0,0,0,0,0,0,0,0,0,0,0,0,0,0,0,0,0,0,0,4.8,4.88,4.95,4.28,3.9,4.65,1.65,0,2.17,3.68,2.85,2.63,1.95,2.1,3.97,3.08,1.2,1.95,3,2.48,2.03,1.58,0.98,1.35,0,0,0,0,0,0,0.15,0.22,0.45,0,0,0,0,0,0,0,0,0,0,0,0,0,0,0
Frt34676,SOCIEDAD PORTUARIA COQUECOL PRINCIPAL,2869398,10/03/2022,P,43.28,43.8,42.75,42.15,43.35,41.4,28.73,27.98,47.18,67.73,66.3,67.5,67.28,69.3,66.3,55.28,34.2,36.15,49.35,46.28,43.2,43.05,42.9,43.35,0,0,0,0,0,0,0,0,0,0,0,0,0,0,0,0,0,0,0,0,0,0,0,0,1.27,1.73,1.57,1.8,2.93,4.05,2.78,0.6,16.05,28.65,26.85,27.3,27,25.95,24.38,14.55,0.38,1.65,4.72,1.73,0,0,0,0,0,0,0,0,0,0,0,0.08,1.43,0,0,0,0,0,0,0.15,0.15,0,0,0.53,1.35,1.2,1.05,0.6
Frt34676,SOCIEDAD PORTUARIA COQUECOL PRINCIPAL,2869398,10/04/2022,P,43.35,43.5,42,41.7,40.8,42.68,27.38,24.83,31.5,59.25,71.03,71.63,70.13,71.18,38.48,36.08,35.85,38.25,45.6,43.28,43.5,42.3,40.65,42.23,0,0,0,0,0,0,0,0,0,0,0,0,0,0,0,0,0,0,0,0,0,0,0,0,0.45,0.53,0.6,1.27,1.88,3.38,1.2,0,0.68,21.67,29.63,28.05,27.98,27.15,0.75,0.3,1.05,2.4,0,0,0,0,0,0,0,0,0,0,0,0,0.3,1.88,1.27,0,0,0,0,0,0.08,0,0,0.08,1.28,1.73,1.73,1.5,2.55,1.65
Frt38850,PAVOS DEL CAMPO ,2839389,10/01/2022,P,5.07,5.01,4.97,4.95,4.93,4.47,5.24,5.42,5.25,0.98,4.64,6.65,6.25,5.97,5.78,5.47,5.23,5.03,4.91,4.73,4.6,6.42,6.18,6.04,0,0,0,0,0,0,0,0,0,0,0,0,0,0,0,0,0,0,0,0,0,0,0,0,3.3,3.29,3.29,3.29,3.29,1.8,2.39,3.22,3.12,0.72,2.3,3.3,3.27,3.29,3.3,3.27,3.28,3.29,3.29,3.09,1.18,3.6,3.51,3.51,0,0,0,0,0,0,0,0,0,0,0,0,0,0,0,0,0,0,0,0,0,0,0,0
Frt38850,PAVOS DEL CAMPO ,2839389,10/02/2022,P,5.95,5.83,5.75,5.63,5.61,5.54,5.49,5.48,5.5,4.65,6.3,6.17,6.14,6.07,6.05,6.06,6.05,5.94,5.82,5.72,5.67,5.62,4.86,5.61,0,0,0,0,0,0,0,0,0,0,0,0,0,0,0,0,0,0,0,0,0,0,0,0,3.51,3.53,3.53,3.52,3.54,3.55,3.51,3.43,3.36,1.3,3.56,3.52,3.51,3.54,3.61,3.62,3.62,3.63,3.6,3.58,3.56,3.52,1.84,3.46,0,0,0,0,0,0,0,0,0,0,0,0,0,0,0,0,0,0,0,0,0,0,0,0
Frt38850,PAVOS DEL CAMPO ,2839389,10/03/2022,P,5.44,5.36,5.34,5.27,5.2,5.15,5.21,5.67,5.69,5.62,5.28,2.94,5.74,6.03,5.91,5.82,5.68,5.51,5.4,6.31,5.68,5.52,5.38,5.35,0,0,0,0,0,0,0,0,0,0,0,0,0,0,0,0,0,0,0,0,0,0,0,0,3.48,3.49,3.49,3.48,3.42,3.34,3.3,3.27,3.13,3.13,2.9,1.07,2.52,3.19,3.14,3.15,3.19,3.29,3.32,3.49,3.39,3.36,3.39,3.44,0,0,0,0,0,0,0,0,0,0,0,0,0,0,0,0,0,0,0,0,0,0,0,0
Frt38850,PAVOS DEL CAMPO ,2839389,10/04/2022,P,4.87,5.03,5.32,5.19,5.1,5.2,5.36,5.23,5.33,5.35,5.44,5.47,5.49,5.2,4.97,5.66,5.42,5.3,5.25,5.21,5.17,5.13,5.08,5.06,0,0,0,0,0,0,0,0,0,0,0,0,0,0,0,0,0,0,0,0,0,0,0,0,2.36,2.21,3.41,3.38,3.32,3.29,3.32,3.18,3.09,3.07,3.07,2.99,3.05,2.57,1.81,3.06,3.11,3.24,3.29,3.29,3.3,3.28,3.24,3.27,0,0,0,0,0,0,0,0,0,0,0,0,0,0,0,0,0,0,0,0,0,0,0,0
Frt38866,PISCICOLA BOTERO,2839413,10/01/2022,P,174.96,176.01,176,175.05,174.89,173.75,172.32,172.98,173.37,128.86,124.2,124.25,123.8,122.64,122.81,122.55,112.59,29.94,51.18,51.6,51.59,51.87,51.8,51.99,0,0,0,0,0,0,0,0,0,0,0,0,0,0,0,0,0,0,0,0,0,0,0,0,84.19,86.6,84.27,84.19,84.96,85.11,79.38,78.13,76.62,35.03,29.96,29.25,29.13,27.15,27.23,28.2,26.25,24.98,41.58,42.08,43.52,45.12,44.82,46.16,0,0,0,0,0,0,0,0,0,0,0,0,0,0,0,0,0.89,0.08,0,0,0,0,0,0
Frt38866,PISCICOLA BOTERO,2839413,10/02/2022,P,52.02,52.2,52.32,52.37,52.67,52.14,51.36,51.21,20.32,4.46,4.18,4.02,4.04,4.04,4.39,3.84,3.89,30.28,51.09,51.63,51.69,51.92,52.26,52.43,0,0,0,0,0,0,0,0,0,0,0,0,0,0,0,0,0,0,0,0,0,0,0,0,47.36,48.57,49.12,49.25,51.57,53.16,53.57,51.64,20.82,4.25,2.54,1.38,1.46,1.14,1.5,1.27,1.5,27.45,44.16,44.36,44.63,45.9,47.4,49.47,0,0,0,0,0,0,0,0,0,0,0,0,0,0,0,0,0,0,0,0,0,0,0,0
Frt38866,PISCICOLA BOTERO,2839413,10/03/2022,P,52.44,52.56,52.56,52.52,52.41,51.36,48.06,44.25,32.33,32.33,32.81,20.95,2.55,2.49,2.55,2.55,2.63,30.36,48.69,48.87,48.99,49.07,49.74,49.98,0,0,0,0,0,0,0,0,0,0,0,0,0,0,0,0,0,0,0,0,0,0,0,0,51.87,52.32,51.51,51.39,50.14,49.35,44.16,38.52,25.42,24.68,24.2,14.46,0,0,0,0,0,23.97,40.25,41.24,43.1,43.33,46.67,50.39,0,0,0,0,0,0,0,0,0,0,0,0.96,5.63,5.81,5.91,5.94,5.42,1.08,0,0,0,0,0,0
Frt38866,PISCICOLA BOTERO,2839413,10/04/2022,P,50.08,50.1,50.13,50.14,50.03,48.69,47.87,47.28,46.98,18,3.59,3.5,3.53,3.54,3.3,3.33,10.7,28.68,47.24,47.61,47.69,38.9,46.82,47.3,0,0,0,0,0,0,0,0,0,0,0,0,0,0,0,0,0,0,0,0,0,0,0,0,50.25,50.58,51.39,52.18,51.66,51.35,49.05,46.68,44.52,14.46,0,0,0,0,0,0,6.07,21.83,37.7,39.24,40.05,32.36,41.71,44.03,0,0,0,0,0,0,0,0,0,0.11,1.34,2.33,2.07,2.46,3.51,3.47,1.31,0,0,0,0,0,0,0
Frt40290,AVICOLA EL MADROÑO BODEGA 21 B,84562036,10/01/2022,P,22.58,21.74,23.26,22.79,22.5,28.1,30.76,26.32,24.91,24.76,25.28,26.93,25.94,25.7,24.36,25.37,24.66,24.11,23.06,26.02,23.79,23.56,23.57,24.41,0,0,0,0,0,0,0,0,0,0,0,0,0,0,0,0,0,0,0,0,0,0,0,0,7.86,7.43,3.54,7.26,5.3,9.02,7.96,4.87,7.21,5.26,6.22,4.65,7.74,8.38,5.81,5.71,7.07,9.22,8.76,2.99,6.47,8.29,8.78,7.37,0.02,0.01,1.14,0.08,0.14,0,0.12,0.52,0.05,0.22,0.1,0.32,0.04,0,0.15,0.1,0.11,0,0,0.82,0.2,0.04,0,0.02
Frt40290,AVICOLA EL MADROÑO BODEGA 21 B,84562036,10/02/2022,P,23.26,23.42,23.31,23.8,24.38,21.54,22.11,23.23,24.39,24.53,23.35,25.07,26.58,24.8,24.74,23.3,26.26,24.38,23.84,23.59,23.87,25.38,24.12,23.42,0,0,0,0,0,0,0,0,0,0,0,0,0,0,0,0,0,0,0,0,0,0,0,0,4.45,6.69,9.09,8.29,6.62,4.5,7.32,8.39,3.76,9.35,4.67,9.27,7.27,9.46,8.49,5.7,8.18,8.7,9.69,7.02,5.3,6.43,8.98,7.82,0.29,0.13,0,0.01,0.03,0.74,0.14,0.01,0.76,0,0.59,0,0.02,0,0.07,0.24,0.01,0,0,0.12,0.16,0.1,0.01,0.07
Frt40290,AVICOLA EL MADROÑO BODEGA 21 B,84562036,10/03/2022,P,24.15,23.41,23.38,23.15,24.45,25.86,22.9,25.97,26.77,26.74,26.03,27.1,28.57,29.05,27.85,26.34,24.85,25.64,25.34,24.18,23.14,23.1,24.12,21.73,0,0,0,0,0,0,0,0,0,0,0,0,0,0,0,0,0,0,0,0,0,0,0,0,7.4,4.12,8.97,8.96,6.36,4.71,4.78,7.8,6.61,5.38,5.9,4.86,7.59,5.61,6.34,7.35,6.17,7.86,5.16,9.02,7.81,6.55,4.38,7,0.09,0.54,0,0,0.24,0.52,0.5,0,0.14,0.25,0.18,0.58,0.02,0.3,0.16,0.07,0.13,0.08,0.28,0,0.03,0.14,0.71,0.06
Frt40290,AVICOLA EL MADROÑO BODEGA 21 B,84562036,10/04/2022,P,24.69,23.78,23.22,23.62,24.04,26.02,22.99,25.75,26.28,27.08,26.02,28.22,31.14,33.09,32.46,28.55,24.68,24.37,24.25,23.94,23.64,23.26,22.5,21.52,0,0,0,0,0,0,0,0,0,0,0,0,0,0,0,0,0,0,0,0,0,0,0,0,7.53,7.1,4.58,6.29,7.97,7.46,4.68,2.7,7.53,7.27,7.45,4.1,9.09,10.1,11.9,7.22,4.15,7.01,8.66,7.51,6.35,5.52,7.02,6.91,0.1,0.04,0.3,0.33,0,0,0.72,1.82,0,0.03,0.01,0.38,0.05,0,0,0.14,0.53,0.06,0,0.02,0.08,0.14,0.1,0.06
Frt41351,ITALCOL VILLAVICENCIO 2 PRINCIPAL,2892310,10/01/2022,P,551.05,296.66,60.38,67.84,60.12,72.8,136.15,343.1,600.3,571.88,536.99,370.01,495.59,345.56,464.07,402.83,595.86,545.53,541.31,531.73,410.9,269.4,39.11,35.75,0,0,0,0,0,0,0,0,0,0,0,0,0,0,0,0,0,0,0,0,0,0,0,0,167.97,97.42,1.47,10.78,0,3.67,62.45,136.71,220.37,221.53,221.96,127.82,238.7,175.04,172.33,113.59,236.5,232.27,224.51,230.12,132.01,90.95,7.33,7.25,0,0,7.59,0.73,7.25,4.01,0,0,0,0,0,0,0,0,0,0,0,0,0,0,0,0.35,0,0
Frt41351,ITALCOL VILLAVICENCIO 2 PRINCIPAL,2892310,10/02/2022,P,32.6,32.82,29.54,30.1,29.15,28.68,27.21,27.99,33.12,41.4,50.8,51.58,31.57,44.98,55.46,56.71,53.22,50.89,36.66,31.96,32.09,32.65,32.9,32.39,0,0,0,0,0,0,0,0,0,0,0,0,0,0,0,0,0,0,0,0,0,0,0,0,5.78,5.52,2.42,3.15,2.16,2.42,2.24,1.25,7.03,13.41,21.3,20.83,1.47,13.24,26.82,32.52,24.62,21.39,3.11,0,0.6,1.42,1.9,2.2,0,0,0,0,0,0,0,0,0,0,0,0,0,0,0,0,0,0,0.13,0.3,0,0,0,0
Frt41351,ITALCOL VILLAVICENCIO 2 PRINCIPAL,2892310,10/03/2022,P,32.6,31.65,44.94,51.71,56.54,60.46,94.14,236.76,412.23,538.37,602.8,618.54,564.77,487.05,537.51,869.23,766.07,668.78,703.54,579.17,461.14,444.36,426.64,300.62,0,0,0,0,0,0,0,0,0,0,0,0,0,0,0,0,0,0,0,0,0,0,0,0,2.85,2.63,4.49,6.3,6.9,10.7,37.86,115.32,132.52,233.35,326.24,280.31,272.12,219.64,265.09,384.63,333.96,325.64,328.53,265.74,170.56,166.98,131.7,95.87,0,0,0,0,0,0,0,0,0,0,0,0,0,0,0,0,0,0,0,0,0,0,0,0
Frt41351,ITALCOL VILLAVICENCIO 2 PRINCIPAL,2892310,10/04/2022,P,147.92,135.93,117.9,134.72,76.72,64.43,184.1,538.8,733.94,887.25,949.79,830.54,934.78,769.48,628.98,747.96,868.58,786.26,755.98,808.38,845.6,838.48,234.64,124.98,0,0,0,0,0,0,0,0,0,0,0,0,0,0,0,0,0,0,0,0,0,0,0,0,12.51,17.64,42.35,43.82,34.72,21.43,89.1,223.95,285.06,358.46,378.68,382.09,413.78,315.67,223.52,259.74,337.41,367.17,331.07,348.19,371.18,388.38,99.45,26.69,0,0,0,0,0,0,0,0,0,0,0,0,0,0,0,0,0,0,0,0,0,0,0,0
