,,,,,kWhD,kWhD,kWhD,kWhD,kWhD,kWhD,kWhD,kWhD,kWhD,kWhD,kWhD,kWhD,kWhD,kWhD,kWhD,kWhD,kWhD,kWhD,kWhD,kWhD,kWhD,kWhD,kWhD,kWhD,kWhR,kWhR,kWhR,kWhR,kWhR,kWhR,kWhR,kWhR,kWhR,kWhR,kWhR,kWhR,kWhR,kWhR,kWhR,kWhR,kWhR,kWhR,kWhR,kWhR,kWhR,kWhR,kWhR,kWhR,kVarhD,kVarhD,kVarhD,kVarhD,kVarhD,kVarhD,kVarhD,kVarhD,kVarhD,kVarhD,kVarhD,kVarhD,kVarhD,kVarhD,kVarhD,kVarhD,kVarhD,kVarhD,kVarhD,kVarhD,kVarhD,kVarhD,kVarhD,kVarhD,kVarhR,kVarhR,kVarhR,kVarhR,kVarhR,kVarhR,kVarhR,kVarhR,kVarhR,kVarhR,kVarhR,kVarhR,kVarhR,kVarhR,kVarhR,kVarhR,kVarhR,kVarhR,kVarhR,kVarhR,kVarhR,kVarhR,kVarhR,kVarhR
Frt00771,ITALCOL FUNZA PRINCIPAL,38289435,8/01/2022,P,972,997.2,986.4,975.6,1080,882,918,1058.4,1112.4,1065.6,1159.2,936,889.2,907.2,1054.8,1166.4,1094.4,871.2,1108.8,936,1242,1209.6,1112.4,1209.6,0,0,0,0,0,0,0,0,0,0,0,0,0,0,0,0,0,0,0,0,0,0,0,0,385.2,342,399.6,345.6,374.4,360,388.8,432,392.4,406.8,471.6,352.8,399.6,324,403.2,435.6,421.2,288,374.4,367.2,453.6,424.8,378,460.8,0,0,0,0,0,0,0,0,0,0,0,0,0,0,0,0,0,0,0,0,0,0,0,0
Frt00771,ITALCOL FUNZA PRINCIPAL,38289435,8/02/2022,P,1278,1137.6,1317.6,1342.8,1116,1119.6,1051.2,867.6,1072.8,986.4,763.2,604.8,759.6,619.2,666,766.8,802.8,1101.6,1112.4,964.8,1076.4,1087.2,925.2,1123.2,0,0,0,0,0,0,0,0,0,0,0,0,0,0,0,0,0,0,0,0,0,0,0,0,471.6,374.4,482.4,500.4,374.4,360,388.8,370.8,424.8,381.6,316.8,216,270,219.6,219.6,248.4,295.2,417.6,403.2,370.8,414,360,360,421.2,0,0,0,0,0,0,0,0,0,0,0,0,0,0,0,0,0,0,0,0,0,0,0,0
Frt00771,ITALCOL FUNZA PRINCIPAL,38289435,8/03/2022,P,1076.4,1040.4,1090.8,1177.2,1188,802.8,900,579.6,1015.2,1015.2,1094.4,716.4,529.2,561.6,385.2,360,702,680.4,802.8,1119.6,1206,1090.8,1116,1278,0,0,0,0,0,0,0,0,0,0,0,0,0,0,0,0,0,0,0,0,0,0,0,0,327.6,370.8,392.4,432,392.4,313.2,399.6,205.2,363.6,410.4,399.6,277.2,194.4,194.4,140.4,140.4,237.6,244.8,295.2,388.8,446.4,432,392.4,460.8,0,0,0,0,0,0,0,0,0,0,0,0,0,0,0,0,0,0,0,0,0,0,0,0
Frt00981,AVICOLA EL MADROÑO PTA PRINCIPAL,38289327,8/01/2022,P,87.6,84.15,90.45,83.85,90.15,88.5,68.25,57.75,120.3,130.95,128.7,99,103.2,87,78.9,88.65,96.15,95.7,91.05,88.65,90.15,83.55,81.75,81.6,0,0,0,0,0,0,0,0,0,0,0,0,0,0,0,0,0,0,0,0,0,0,0,0,48.3,41.1,44.55,38.4,46.2,38.55,28.2,32.85,55.95,66.6,66.15,46.05,46.8,39.3,29.85,35.55,45.75,54.6,47.85,38.7,49.05,41.25,39.45,35.7,0,0,0,0,0,0,0,0,0,0,0,0,0,0,0,0,0,0,0,0,0,0,0,0
Frt00981,AVICOLA EL MADROÑO PTA PRINCIPAL,38289327,8/02/2022,P,90.6,77.4,82.5,72.3,91.95,80.7,59.25,72.15,86.85,67.65,59.7,60.45,63.3,76.05,98.85,98.55,84.3,88.35,73.65,72.45,67.65,69.45,64.35,75.45,0,0,0,0,0,0,0,0,0,0,0,0,0,0,0,0,0,0,0,0,0,0,0,0,48.75,41.25,45.45,38.4,44.1,49.35,26.4,30.6,39.9,30.45,25.95,26.1,25.65,37.5,40.2,42.3,39.3,38.25,24.15,28.2,25.8,25.05,26.7,34.2,0,0,0,0,0,0,0.15,0,0,0,0,0,0,0,0,0,0,0,0.15,0,0,0.15,0,0
Frt00981,AVICOLA EL MADROÑO PTA PRINCIPAL,38289327,8/03/2022,P,64.05,62.1,69.15,74.1,61.65,63.9,24.6,27.45,24.6,33.3,28.35,24.3,27.6,30,51,48.45,68.25,69.45,63.45,69,63.9,64.05,61.35,64.2,0,0,0,0,0,0,0,0,0,0,0,0,0,0,0,0,0,0,0,0,0,0,0,0,25.65,27.6,31.2,30.9,25.95,33.9,17.55,19.35,17.25,19.2,15,12.15,13.5,13.8,21.6,20.4,24.9,25.95,22.2,24.6,22.35,23.4,26.25,27.45,0,0,0,0,0.15,0,0,0,0,0,0,0,0.15,0,0,0,0,0,0,0.15,0,0,0.15,0
Frt01153,AVICOLA EL MADROÑO CARTAGENA PRINCIPAL,38289432,8/01/2022,P,604.8,705.6,892.8,864,892.8,1036.8,1152,1238.4,1281.6,1353.6,1281.6,1209.6,1166.4,1224,1195.2,1080,993.6,950.4,950.4,936,878.4,907.2,907.2,849.6,0,0,0,0,0,0,0,0,0,0,0,0,0,0,0,0,0,0,0,0,0,0,0,0,144,201.6,244.8,230.4,230.4,345.6,432,504,504,561.6,547.2,446.4,432,489.6,446.4,374.4,331.2,273.6,302.4,302.4,259.2,288,302.4,259.2,0,0,0,0,0,0,0,0,0,0,0,0,0,0,0,0,0,0,0,0,0,0,0,0
Frt01153,AVICOLA EL MADROÑO CARTAGENA PRINCIPAL,38289432,8/02/2022,P,763.2,820.8,921.6,907.2,1123.2,1137.6,1281.6,1324.8,1281.6,1296,1339.2,1310.4,1310.4,1339.2,1368,1440,1382.4,1281.6,1080,979.2,1022.4,1008,993.6,950.4,0,0,0,0,0,0,0,0,0,0,0,0,0,0,0,0,0,0,0,0,0,0,0,0,216,259.2,288,302.4,403.2,417.6,547.2,561.6,518.4,532.8,590.4,547.2,518.4,576,561.6,619.2,590.4,489.6,388.8,331.2,331.2,360,360,331.2,0,0,0,0,0,0,0,0,0,0,0,0,0,0,0,0,0,0,0,0,0,0,0,0
Frt01153,AVICOLA EL MADROÑO CARTAGENA PRINCIPAL,38289432,8/03/2022,P,936,1065.6,1166.4,1152,1123.2,1252.8,1324.8,1396.8,1382.4,1411.2,1440,1396.8,1324.8,1440,1540.8,1497.6,1396.8,1324.8,1238.4,1180.8,1152,1152,1036.8,936,0,0,0,0,0,0,0,0,0,0,0,0,0,0,0,0,0,0,0,0,0,0,0,0,316.8,360,417.6,417.6,403.2,475.2,561.6,604.8,604.8,604.8,648,590.4,532.8,619.2,705.6,662.4,561.6,547.2,446.4,432,417.6,403.2,360,345.6,0,0,0,0,0,0,0,0,0,0,0,0,0,0,0,0,0,0,0,0,0,0,0,0
Frt01615,ITALCOL BELLINI,2841136,8/01/2022,P,407.23,416.5,419.92,426.62,427.12,418.48,421.13,426.06,418.86,437.47,439.63,459.85,442.93,428.36,360.5,348.35,361.66,417.78,409.32,397.44,387.81,382.95,405.14,421.92,0,0,0,0,0,0,0,0,0,0,0,0,0,0,0,0,0,0,0,0,0,0,0,0,178.7,181.15,182.23,184.37,177.21,171.16,169.92,173.77,178.76,200.7,209.86,218.14,212.47,202.77,143.62,149.85,152.82,179.66,172.73,160.18,152.89,155.21,166.7,171.07,0,0,0,0,0,0,0,0,0,0,0,0,0,0,0,0,0,0,0,0,0,0,0,0
Frt01615,ITALCOL BELLINI,2841136,8/02/2022,P,420.73,422.08,416.3,420.55,418.23,410.42,406.1,411.05,426.62,423.65,424.55,428.51,394.4,386.62,339.41,299.86,347.18,386.46,379.96,322.47,301.34,319.61,323.15,262.44,0,0,0,0,0,0,0,0,0,0,0,0,0,0,0,0,0,0,0,0,0,0,0,0,169.54,169.49,168.35,167.89,162.45,163.49,164.14,169.81,175.14,175.86,176.29,184.73,164.72,167.4,145.1,128.32,158.51,183.85,178.67,156.33,147.56,140.13,143.48,113.51,0,0,0,0,0,0,0,0,0,0,0,0,0,0,0,0,0,0,0,0,0,0,0,0
Frt01615,ITALCOL BELLINI,2841136,8/03/2022,P,228.96,296.24,303.66,318.04,318.15,315.67,331.63,352.58,351.09,313.45,343.22,345.4,334.91,338.45,262.78,221.13,257.69,357.39,411.48,397.1,391.32,304.56,320.42,309.69,0,0,0,0,0,0,0,0,0,0,0,0,0,0,0,0,0,0,0,0,0,0,0,0,98.78,119.3,124.09,131.08,132.8,132.5,138.4,154.15,156.08,146.05,153.27,156.31,161.15,159.95,116.3,95.18,107.64,142.45,164.95,157.95,160.63,124.09,130.84,126.02,0,0,0,0,0,0,0,0,0,0,0,0,0,0,0,0,0,0,0,0,0,0,0,0
Frt01751,POLLOSAN INCUBACION V1,2839463,8/01/2022,P,106.34,111.52,112.84,107.3,109,106.14,101.89,103.5,106.16,115.09,117.66,130.91,142.13,146.31,149.77,143.3,136.97,125.88,122.66,117.05,119.94,121.56,121.85,120.43,0,0,0,0,0,0,0,0,0,0,0,0,0,0,0,0,0,0,0,0,0,0,0,0,0,27.97,27.23,19.4,23.28,64.12,63.33,63.24,62.62,67.29,65.52,67.6,73.01,71.76,72.75,73.14,71.35,72.72,72.48,68.44,69.42,67.8,67.42,65.98,18.13,8.28,8.27,11.43,10.03,0,0,0,0,0,0,0,0,0,0,0,0,0,0,0,0,0,0,0
Frt01751,POLLOSAN INCUBACION V1,2839463,8/02/2022,P,110.67,114.21,113.92,109.59,104.96,101.41,103.04,97.42,106.24,105.95,98.09,112.93,118.34,117.61,121.94,116.87,112.46,104.23,108.44,109.84,102.89,102.84,99.51,100.5,0,0,0,0,0,0,0,0,0,0,0,0,0,0,0,0,0,0,0,0,0,0,0,0,65.27,65.82,66.23,63.28,60.62,58.18,57.26,52.24,56.31,56.71,51.94,59.98,63,63.13,66.71,65.29,64.09,61.55,62.78,61.81,58.26,58.26,55.13,33.26,0,0,0,0,0,0,0,0,0,0,0,0,0,0,0,0,0,0,0,0,0,0,0,5.31
Frt01751,POLLOSAN INCUBACION V1,2839463,8/03/2022,P,100.58,99.69,97.78,97.81,104.99,107.12,110.67,115.55,113.35,119.11,119.28,121.34,127.73,119.84,127.13,127.31,128.35,130.45,121.34,120.58,112.99,108.03,111.95,109.58,0,0,0,0,0,0,0,0,0,0,0,0,0,0,0,0,0,0,0,0,0,0,0,0,56.58,54.52,55.46,29.91,59.94,62.25,64.05,65.85,65.92,68.13,67.85,68.62,70.74,66.58,67.19,67.34,66.38,68.69,65.85,67.34,64.17,39.72,64.14,64.68,0,0,0,9.52,0,0,0,0,0,0,0,0,0,0,0,0,0,0,0,0,0,5.36,0,0
Frt01752,POLLOSAN SACRIFICIO LEBRIJA PRINCIPAL,37922266,8/01/2022,P,524.16,511.92,724.32,767.88,864.72,913.32,1104.48,1187.28,1180.08,1370.88,1712.16,1634.4,1734.84,1814.04,1717.56,1571.76,1420.92,1377,1323.36,1325.16,1298.52,1333.8,1426.68,1323.72,0,0,0,0,0,0,0,0,0,0,0,0,0,0,0,0,0,0,0,0,0,0,0,0,86.4,67.68,132.12,128.88,223.2,307.44,378.72,389.52,429.48,478.8,643.32,610.92,698.4,762.48,645.84,609.84,540,499.68,466.2,482.04,450.36,454.68,600.12,490.32,0,0,0,0,0,0,0,0,0,0,0,0,0,0,0,0,0,0,0,0,0,0,0,0
Frt01752,POLLOSAN SACRIFICIO LEBRIJA PRINCIPAL,37922266,8/02/2022,P,1271.16,1287.36,1323,1323,1567.44,1279.44,1285.2,1301.04,1415.52,1516.32,1662.84,1685.52,1710,1820.88,1805.76,1758.6,1579.68,1302.48,1327.32,1250.64,1253.52,1311.12,1284.48,1215,0,0,0,0,0,0,0,0,0,0,0,0,0,0,0,0,0,0,0,0,0,0,0,0,475.2,472.68,459,487.44,646.56,494.64,520.56,537.12,505.8,590.76,657,693.36,682.2,738.36,715.68,705.96,597.24,493.56,492.48,420.12,401.04,414.72,443.16,400.68,0,0,0,0,0,0,0,0,0,0,0,0,0,0,0,0,0,0,0,0,0,0,0,0
Frt01752,POLLOSAN SACRIFICIO LEBRIJA PRINCIPAL,37922266,8/03/2022,P,1207.8,1226.88,1184.76,1182.6,1324.8,1138.32,1272.24,1360.08,1473.84,1522.44,1664.64,1841.4,1699.92,1843.92,1886.76,1827.36,1581.48,1452.24,1319.4,1309.68,1309.68,1339.56,1405.8,1365.48,0,0,0,0,0,0,0,0,0,0,0,0,0,0,0,0,0,0,0,0,0,0,0,0,408.6,412.2,375.12,359.64,457.92,391.32,486.36,537.12,577.08,589.68,644.4,731.88,691.92,749.16,790.56,759.6,642.24,565.92,491.4,463.32,440.28,502.92,538.2,506.88,0,0,0,0,0,0,0,0,0,0,0,0,0,0,0,0,0,0,0,0,0,0,0,0
Frt02536,SAN MARINO BOLO,38289434,8/01/2022,P,50.6,59.4,61.6,63.8,70.4,70.4,61.6,57.2,57.2,55,66,90.2,88,90.2,99,96.8,81.4,74.8,57.2,57.2,55,52.8,50.6,50.6,0,0,0,0,0,0,0,0,0,0,0,0,0,0,0,0,0,0,0,0,0,0,0,0,0,2.2,0,0,0,0,0,2.2,2.2,2.2,4.4,15.4,11,11,13.2,11,6.6,4.4,0,2.2,0,0,0,0,4.4,2.2,2.2,4.4,6.6,4.4,6.6,0,2.2,0,2.2,0,0,0,0,0,0,0,2.2,4.4,4.4,4.4,6.6,4.4
Frt02536,SAN MARINO BOLO,38289434,8/02/2022,P,50.6,59.4,57.2,63.8,61.6,55,50.6,50.6,57.2,72.6,68.2,72.6,74.8,74.8,74.8,72.6,61.6,63.8,61.6,57.2,52.8,50.6,52.8,50.6,0,0,0,0,0,0,0,0,0,0,0,0,0,0,0,0,0,0,0,0,0,0,0,0,0,0,0,0,2.2,0,0,0,2.2,4.4,8.8,6.6,6.6,4.4,4.4,4.4,2.2,2.2,2.2,0,0,2.2,0,0,4.4,4.4,6.6,2.2,2.2,4.4,4.4,2.2,0,2.2,0,0,0,0,2.2,0,2.2,2.2,0,2.2,2.2,6.6,4.4,4.4
Frt02536,SAN MARINO BOLO,38289434,8/03/2022,P,48.4,52.8,50.6,50.6,50.6,52.8,48.4,55,48.4,55,59.4,63.8,72.6,70.4,72.6,63.8,59.4,57.2,48.4,50.6,52.8,52.8,50.6,48.4,0,0,0,0,0,0,0,0,0,0,0,0,0,0,0,0,0,0,0,0,0,0,0,0,0,0,0,0,0,0,0,2.2,0,2.2,4.4,4.4,8.8,6.6,6.6,4.4,0,2.2,0,0,0,0,0,0,6.6,4.4,6.6,4.4,6.6,4.4,4.4,2.2,2.2,0,0,2.2,0,0,0,0,2.2,2.2,4.4,4.4,6.6,4.4,4.4,6.6
Frt02583,AVICOLA EL FONCE SAN GIL,37922264,8/01/2022,P,105.14,111.21,109.36,100.45,104.15,100.52,94.58,94.71,100.19,107.32,115.3,124.08,134.97,133.72,123.55,130.68,121.24,119.33,115.24,109.36,114.25,108.44,103.49,96.23,0,0,0,0,0,0,0,0,0,0,0,0,0,0,0,0,0,0,0,0,0,0,0,0,40.72,41.25,37.75,39.34,37.69,42.44,49.5,45.87,48.38,49.17,45.01,48.44,55.77,53.06,50.09,54.91,54.25,59.53,60.13,53.39,57.82,55.64,44.95,38.15,0,0,0,0,0,0,0,0,0,0,0,0,0,0,0,0,0,0,0,0,0,0,0,0
Frt02583,AVICOLA EL FONCE SAN GIL,37922264,8/02/2022,P,97.22,99.73,101.71,98.14,100.25,96.49,95.44,99.33,91.94,86.46,103.62,111.47,111.08,113.59,91.87,104.08,106.59,98.47,100.72,95.9,103.88,102.04,95.5,90.16,0,0,0,0,0,0,0,0,0,0,0,0,0,0,0,0,0,0,0,0,0,0,0,0,40.52,42.17,42.57,42.11,40.66,46.53,49.17,43.1,43.69,42.77,45.34,57.75,56.63,50.29,43.43,53.92,57.62,60.32,53.06,52.87,47.85,49.1,38.54,35.44,0,0,0,0,0,0,0,0,0,0,0,0,0,0,0,0,0,0,0,0,0,0,0,0
Frt02583,AVICOLA EL FONCE SAN GIL,37922264,8/03/2022,P,82.17,86.79,83.82,85.54,84.74,83.62,83.82,92.53,96.23,100.52,106.13,101.18,95.44,111.21,114.64,111.74,113.12,106.06,106.59,123.62,123.55,120.58,122.43,120.78,0,0,0,0,0,0,0,0,0,0,0,0,0,0,0,0,0,0,0,0,0,0,0,0,35.44,37.03,35.24,35.18,35.57,49.43,46,40.26,40.59,44.95,47.12,41.58,47.19,50.23,47.52,51.68,55.18,59.2,55.9,56.17,50.42,55.31,49.1,49.43,0,0,0,0,0,0,0,0,0,0,0,0,0,0,0,0,0,0,0,0,0,0,0,0
Frt03502,AGROPECUARIA ALFA 1,32271905,8/01/2022,P,0.89,0.92,0.96,0.96,0.89,0.83,0.89,1.25,0.89,0.99,0.89,0.89,27.49,92.14,91.61,91.34,90.35,90.39,90.26,89.33,88.74,88.21,87.94,87.71,0,0,0,0,0,0,0,0,0,0,0,0,0,0,0,0,0,0,0,0,0,0,0,0,5.71,6.2,6.67,6.63,5.78,4.95,5.41,5.68,2.81,2.84,2.64,2.57,3.73,0,5.31,7.19,6.86,7.43,7.16,6.57,6.47,6.44,6.67,6.6,0,0,0,0,0,0,0,0,0,0,0,0,1.52,5.12,1.91,0,0,0,0,0,0,0,0,0
Frt03502,AGROPECUARIA ALFA 1,32271905,8/02/2022,P,87.58,87.88,88.9,88.67,88.37,88.11,87.88,87.62,87.32,87.19,86.89,86.36,85.6,61.81,0.89,0.89,0.92,0.96,0.96,0.99,0.99,0.99,1.02,0.99,0,0,0,0,0,0,0,0,0,0,0,0,0,0,0,0,0,0,0,0,0,0,0,0,6.34,6.4,6.83,6.8,6.57,6.3,6.53,6.14,5.74,5.48,5.61,5.45,5.31,4.36,2.67,2.67,3,3.4,3.56,3.63,3.76,3.83,3.99,3.7,0,0,0,0,0,0,0,0,0,0,0,0,0,0.2,0,0,0,0,0,0,0,0,0,0
Frt03502,AGROPECUARIA ALFA 1,32271905,8/03/2022,P,0.96,0.99,0.96,0.92,0.96,0.92,0.66,0.92,0.89,0.89,0.92,0.89,0.96,0.92,0.89,0.92,0.92,0.92,0.96,0.96,0.99,0.99,0.99,0.99,0,0,0,0,0,0,0,0,0,0,0,0,0,0,0,0,0,0,0,0,0,0,0,0,3.27,3.66,3.43,3.3,3.1,3.04,1.95,2.97,2.64,2.77,2.8,3,3.23,3.14,2.97,2.97,3.1,3.33,3.43,3.43,3.6,3.76,3.73,3.86,0,0,0,0,0,0,0,0,0,0,0,0,0,0,0,0,0,0,0,0,0,0,0,0
Frt03503,AGROPECUARIA ALFA 2,32271869,8/01/2022,P,1.45,1.49,1.55,1.55,1.45,1.32,1.42,1.42,1.42,1.42,1.39,1.39,1.39,1.35,28.97,97.05,96.46,89.23,104.35,105.76,105.01,104.45,104.18,103.88,0,0,0,0,0,0,0,0,0,0,0,0,0,0,0,0,0,0,0,0,0,0,0,0,0,0,0,0,0,0,0,0,0,0,0,0,0,0,5.45,12.31,4.59,4.39,21.55,20.92,19.63,18.91,18.51,18.31,17.19,17.19,17.13,17.09,17.23,17.19,17.23,17.23,17.19,17.19,17.23,17.23,17.19,17.23,12.61,1.35,0,0.56,0.69,0,0,0,0,0
Frt03503,AGROPECUARIA ALFA 2,32271869,8/02/2022,P,103.32,102.33,100.78,99.16,96.69,94.15,93.59,104.54,104.38,104.35,103.95,103.22,101.81,112.5,134.81,94.22,91.15,81.15,47.55,57.59,45.28,1.52,1.55,1.52,0,0,0,0,0,0,0,0,0,0,0,0,0,0,0,0,0,0,0,0,0,0,0,0,18.08,17.52,16.73,15.94,14.78,14.06,24.19,19.9,19.31,19.21,18.61,18.22,17.39,20.56,23.53,21.71,23.07,18.65,5.71,10.4,7.46,0,0,0,0,0,0,0,0,0.43,0.5,0,0,0,0,0,0,0,1.65,0.36,0,1.58,7.46,7.23,9.34,17.09,17.03,17.09
Frt03503,AGROPECUARIA ALFA 2,32271869,8/03/2022,P,1.45,1.52,1.49,1.49,76.07,98.21,3.76,1.42,1.39,1.39,70.16,35.14,1.45,1.45,1.42,1.42,1.45,1.49,1.49,1.49,1.52,1.52,1.52,1.55,0,0,0,0,0,0,0,0,0,0,0,0,0,0,0,0,0,0,0,0,0,0,0,0,0,0,0,0,14.52,16.83,0.46,0,0,0,12.47,5.45,0,0,0,0,0,0,0,0,0,0,0,0,17.19,17.16,17.19,17.19,4.19,0,13.4,17.19,17.26,17.23,4.72,11.06,17.19,17.19,17.23,17.23,17.19,17.16,17.16,17.13,17.13,17.13,17.09,17.03
Frt03504,AGROPECUARIA ALFA 3,32271906,8/01/2022,P,0.48,0.48,0.49,0.46,0.46,0.49,0.49,0.46,0.48,0.49,0.49,0.5,0.49,0.48,0.48,0.49,0.49,0.48,0.49,0.48,0.48,0.49,0.48,0.46,0,0,0,0,0,0,0,0,0,0,0,0,0,0,0,0,0,0,0,0,0,0,0,0,0,0,0,0,0,0,0,0,0,0,0,0,0,0,0,0,0,0,0,0,0,0,0,0,1.64,1.69,1.68,1.78,1.78,1.57,1.62,1.73,1.76,1.6,1.53,1.54,1.56,1.62,1.72,1.64,1.54,1.61,1.6,1.68,1.66,1.57,1.78,1.82
Frt03504,AGROPECUARIA ALFA 3,32271906,8/02/2022,P,0.46,0.49,0.49,0.48,0.46,0.48,0.48,0.49,0.49,0.49,0.49,0.49,0.5,0.49,0.49,0.49,0.49,0.48,0.48,0.46,0.48,0.48,0.48,0.48,0,0,0,0,0,0,0,0,0,0,0,0,0,0,0,0,0,0,0,0,0,0,0,0,0,0,0,0,0,0,0,0,0,0,0,0,0,0,0,0,0,0,0,0,0,0,0,0,1.86,1.54,1.52,1.85,1.86,1.73,1.73,1.6,1.57,1.61,1.64,1.53,1.5,1.54,1.64,1.61,1.54,1.74,1.73,1.78,1.74,1.76,1.72,1.76
Frt03504,AGROPECUARIA ALFA 3,32271906,8/03/2022,P,0.48,0.46,0.46,0.46,0.49,0.48,0.48,0.5,0.49,0.48,0.49,0.49,0.48,0.48,0.46,0.46,0.48,0.48,0.48,0.48,0.46,0.49,0.49,0.48,0,0,0,0,0,0,0,0,0,0,0,0,0,0,0,0,0,0,0,0,0,0,0,0,0,0,0,0,0,0,0,0,0,0,0,0,0,0,0,0,0,0,0,0,0,0,0,0,1.69,1.8,1.85,1.87,1.66,1.64,1.69,1.53,1.52,1.65,1.61,1.56,1.7,1.68,1.8,1.8,1.74,1.7,1.7,1.74,1.7,1.64,1.61,1.61
Frt04710,HARINAGRO,2859558,8/01/2022,P,144.5,207.14,202.41,204.1,158,149.33,133.09,114.89,120.83,109.4,93.94,92.59,142.74,142.04,175.5,238.27,257.92,219.74,263.14,258.93,262.35,171.86,72.83,33.39,0,0,0,0,0,0,0,0,0,0,0,0,0,0,0,0,0,0,0,0,0,0,0,0,43.43,69.41,66.83,64.89,54.54,52.63,46.31,39.11,40.55,31.39,26.1,30.56,44.66,45.56,58.01,83.23,85.93,70.76,87.66,84.71,88.02,55.44,23.56,10.66,0,0,0,0,0,0,0,0,0,0,0.02,0,0,0,0,0,0,0,0,0,0,0,0,0
Frt04710,HARINAGRO,2859558,8/02/2022,P,19.96,8.68,24.08,38.65,38.12,41.74,40.32,68.47,60.14,51.46,101.23,39.08,59.4,53.84,64.57,76.97,73.76,75.94,96.16,65.18,94.34,78.71,86.2,89.48,0,0,0,0,0,0,0,0,0,0,0,0,0,0,0,0,0,0,0,0,0,0,0,0,7,3.08,8.32,12.69,12.62,12.89,13.34,21.74,18.18,15.71,34.83,12.15,18.11,16.63,20.52,24.95,24.73,25.72,32.24,21.74,31.55,25.9,29.27,29.95,0,0,0,0,0,0,0,0,0,0,0,0,0,0,0,0,0,0,0,0,0,0,0,0
Frt04710,HARINAGRO,2859558,8/03/2022,P,95.24,85.05,108.05,112.77,88.92,98.93,97.36,99.56,84.69,60.21,94.12,108,91.85,84.69,87.46,81.63,102.17,73.06,113.96,108.74,116.59,89.21,147.33,315.43,0,0,0,0,0,0,0,0,0,0,0,0,0,0,0,0,0,0,0,0,0,0,0,0,32.15,29,37.06,37.98,30.06,34.11,32.06,33.05,27.99,19.31,30.6,34.85,29.57,26.82,30.4,27.13,33.84,23.42,38.11,35.75,39.33,29.45,49.59,109.19,0,0,0,0,0,0,0,0,0,0,0,0,0,0,0,0,0,0,0,0,0,0,0,0
Frt05111,ITALCOL GIRON PLANTA II PRINCIPAL ,38289350,8/01/2022,P,378.58,439.76,142.14,84.53,76.13,78.78,312.57,436.31,396.87,457.59,492.2,487.03,492.43,399.51,344.66,434.59,446.32,422.51,392.27,394.22,460.69,411.01,428.72,263.58,0,0,0,0,0,0,0,0,0,0,0,0,0,0,0,0,0,0,0,0,0,0,0,0,90.28,110.29,22.54,11.96,10.7,12.54,67.62,102.7,97.06,158.36,150.54,143.29,156.29,129.26,102.35,141.79,146.4,133.06,121.79,128.8,157.67,133.98,140.64,65.9,0,0,0.23,0,0,0,0,0,0,0,0,0,0,0,0,0,0,0,0,0,0,0,0,0
Frt05538,AGROPECUARIA ALFA 4 PRINCIPAL,32271912,8/01/2022,P,153.64,160.08,158.01,140.07,127.19,142.83,161.46,214.59,308.2,335.11,334.19,362.48,315.1,420.44,469.2,495.19,456.78,385.71,352.13,342.93,331.66,317.63,299,295.09,0,0,0,0,0,0,0,0,0,0,0,0,0,0,0,0,0,0,0,0,0,0,0,0,44.16,53.82,58.88,49.91,28.98,31.51,44.62,70.61,122.36,137.77,128.8,145.59,109.02,143.98,174.57,179.17,158.24,118.91,103.5,94.53,89.47,80.27,70.61,71.07,0,0,0,0,0,0,0,0,0,0,0,0,0,0,0,0,0,0,0,0,0,0,0,0
Frt05538,AGROPECUARIA ALFA 4 PRINCIPAL,32271912,8/02/2022,P,296.01,281.75,277.61,280.6,275.77,267.95,269.79,334.19,388.24,405.49,442.06,397.44,368,442.06,448.96,414,330.05,269.33,236.9,237.59,230.92,201.02,187.45,160.77,0,0,0,0,0,0,0,0,0,0,0,0,0,0,0,0,0,0,0,0,0,0,0,0,69.69,59.8,63.71,66.01,61.18,57.27,76.36,95.22,129.03,143.06,161.92,119.14,108.79,173.88,180.78,186.3,137.08,104.42,84.18,83.72,83.95,71.3,63.25,48.3,0,0,0,0,0,0,0,0,0,0,0,0,0,0,0,0,0,0,0,0,0,0,0,0
Frt05538,AGROPECUARIA ALFA 4 PRINCIPAL,32271912,8/03/2022,P,162.38,165.37,160.08,145.13,182.16,224.48,104.19,216.43,314.64,331.2,388.01,389.85,313.26,395.37,413.77,407.56,311.65,258.52,239.89,221.72,211.6,197.8,184.46,176.87,0,0,0,0,0,0,0,0,0,0,0,0,0,0,0,0,0,0,0,0,0,0,0,0,46.92,51.52,47.61,46.69,55.2,68.08,32.2,89.7,136.39,138.92,159.16,158.47,110.17,169.51,177.56,178.94,126.27,92.23,77.51,68.77,65.55,58.65,52.21,49.45,0,0,0,0,0,0,0,0,0,0,0,0,0,0,0,0,0,0,0,0,0,0,0,0
Frt05856,ITALCOL GIRARDOTA PRINCIPAL,2841119,8/01/2022,P,22.25,22.2,22.4,24.1,59,55.1,129.3,805.25,894.15,931.3,796.75,1012.15,978.85,940.7,1124.2,989,179.2,162.95,270.8,316.35,286.9,333,673.15,735.2,0,0,0,0,0,0,0,0,0,0,0,0,0,0,0,0,0,0,0,0,0,0,0,0,0.5,0.2,0.15,0.45,9.25,6.25,37.9,304.55,364.55,370.9,317.9,391.15,386.25,356.6,413.75,373.75,74.4,64.85,90.6,100,86.1,110.5,237,279.3,0,0,0.1,0,0,0,0,0,0,0,0,0,0,0,0,0,0,0,0,0,0,0,0,0
Frt05856,ITALCOL GIRARDOTA PRINCIPAL,2841119,8/02/2022,P,901.45,1015.85,1114.8,790.7,1180.7,923.8,861.9,1014.15,891,930.75,591.45,1023.65,840.35,653.75,713.9,864.6,305.15,139.35,122.25,185.95,264.95,310.3,962.9,912.2,0,0,0,0,0,0,0,0,0,0,0,0,0,0,0,0,0,0,0,0,0,0,0,0,339,371.05,425.6,303.3,449,368.75,342.8,376.65,363.5,359.85,228.35,396.35,318.8,234.9,252.15,329.4,157.55,53.45,32.7,49.55,76.75,112.95,352.9,352.65,0,0,0,0,0,0,0,0,0,0,0,0,0,0,0,0,0,0,0,0,0,0,0,0
Frt05856,ITALCOL GIRARDOTA PRINCIPAL,2841119,8/03/2022,P,726,654.5,506.55,700.4,940,793.5,284.35,464.65,916.25,937.3,838.75,1020.65,987.2,1025.25,1001.05,735.95,149.85,138.4,185,273.3,295.6,286.45,662.35,718.2,0,0,0,0,0,0,0,0,0,0,0,0,0,0,0,0,0,0,0,0,0,0,0,0,302.4,246,177.6,288.85,366.15,307.75,142,148.65,338.5,357.9,344.25,379.4,368.8,383.65,378.55,300.3,74.3,52.95,72.5,93.5,107.05,100.55,271.5,288.15,0,0,0,0,0,0,0,0,0,0,0,0,0,0,0,0,0,0,0,0,0,0,0,0
Frt06910,ITALCOL IBAGUE,2839470,8/01/2022,P,194.49,184.91,212.51,196.59,169.32,54.04,33.48,34.1,40.95,41.16,35.22,51.51,50.51,38.68,40.54,93.85,126.05,119.4,100.34,96.05,97.32,110.9,124.89,118.57,0,0,0,0,0,0,0,0,0,0,0,0,0,0,0,0,0,0,0,0,0,0,0,0,33.71,31.57,59.56,76.1,42.64,3.64,0,0,0,0,0,0,0,0.1,2.17,36.31,40.03,31.63,39.59,37.09,27.56,23.76,34.89,47.71,0,0,0,0,0,12.46,21.51,16.4,14.07,14.94,17.49,9.7,8.63,10.59,4.23,0,0,0,0,0,0,0,0,0
Frt06910,ITALCOL IBAGUE,2839470,8/02/2022,P,223.45,236.93,286.55,157.31,147.03,242.74,180.26,169.06,95.84,102.98,167.7,263.19,262.07,241.64,215.68,225.49,322.98,264.3,98.21,141.28,54.84,90.94,256.84,270.22,0,0,0,0,0,0,0,0,0,0,0,0,0,0,0,0,0,0,0,0,0,0,0,0,70.67,68.71,79.16,44.48,43.21,66.35,39.29,39.06,16.99,31.17,56.75,88.67,80.11,68.32,65.84,68.9,104.13,77.28,22.35,27.01,3,19.81,61.17,66.59,0,0,0,0,0,0,0,0,1.12,0.04,0,0,0,0,0,0,0,0,0.09,0.56,0.83,0,0,0
Frt06910,ITALCOL IBAGUE,2839470,8/03/2022,P,277.96,299.49,333.03,304.3,294.54,234.36,237.91,225.87,155.41,104.08,234.31,323.84,292.45,266.99,228.35,184.82,261.81,298.77,203.25,158.48,167.93,196.98,209.26,236.8,0,0,0,0,0,0,0,0,0,0,0,0,0,0,0,0,0,0,0,0,0,0,0,0,81.66,85.32,91.5,91.18,82.46,47.25,43.73,43.15,38.28,26.02,62.11,106.59,98.94,75.24,75.01,55.98,97.91,101.93,51.86,36.53,39.59,55.76,55.5,78.57,0,0,0,0,0,0,0,0,0,0,0,0,0,0,0,0,0,0,0,0,0,0,0,0
Frt07138,AVIFONCE SABANALARGA,37922276,8/01/2022,P,258.63,257.14,261.36,262.15,258.94,259.34,244.33,202.27,182.82,120.34,106.13,112.82,164.82,279.36,210.63,171.6,237.51,282.7,328.55,303.29,275.18,269.68,275.31,279.58,0,0,0,0,0,0,0,0,0,0,0,0,0,0,0,0,0,0,0,0,0,0,0,0,109.47,109.25,112.68,113.12,109.3,106.04,106.61,93.59,88.04,71.54,65.78,73.83,91.96,125.8,102.52,89.1,103.62,126.46,144.54,129.8,115.59,115.24,126.63,132.84,0,0,0,0,0,0,0,0,0,0,0,0,0,0,0,0,0,0,0,0,0,0,0,0
Frt07138,AVIFONCE SABANALARGA,37922276,8/02/2022,P,279.75,280.06,281.2,276.89,275.13,281.2,263.08,202.22,164.69,153.25,93.41,157.65,183.83,291.24,265.01,256.96,240.81,277.55,312.09,266.24,245.96,259.86,258.28,259.07,0,0,0,0,0,0,0,0,0,0.04,0,0,0,0,0,0,0,0,0,0,0,0,0,0,133.76,125.58,115.98,112.42,110.66,115.02,112.07,94.12,82.15,79.64,65.47,87.47,87.47,121.48,112.86,108.5,106.22,123.73,133.1,105.64,95.26,109.47,113.87,102.52,0,0,0,0,0,0,0,0,0,0,0,0,0,0,0,0,0,0,0,0,0,0,0,0
Frt07138,AVIFONCE SABANALARGA,37922276,8/03/2022,P,257.09,261.27,261.32,256.61,263.12,260.04,254.5,260.66,213.8,206.49,175.87,183.04,155.58,117.35,115.5,138.73,219.25,318.12,316.27,277.24,273.28,280.68,278.61,273.2,0,0,0,0,0,0,0,0,0,0,0,0,0,0,0,0,0,0,0,0,0,0,0,0,104.81,107.62,106.7,104.85,106.79,106.57,110.97,115.06,97.46,97.72,89.5,94.38,90.51,65.38,57.73,72.38,106.17,141.06,133.98,112.82,117.08,124.87,128.7,127.2,0,0,0,0,0,0,0,0,0,0,0,0,0,0,0,0,0,0,0,0,0,0,0,0
Frt07217,ITALCOL MASCOTAS PRINCIPAL,38289438,8/01/2022,P,696,576,480,312,312,264,240,216,168,144,168,192,192,192,216,240,216,240,360,456,240,360,336,528,0,0,0,0,0,0,0,0,0,0,0,0,0,0,0,0,0,0,0,0,0,0,0,0,192,168,120,96,72,72,72,72,48,48,48,48,72,72,72,72,72,48,120,96,72,96,72,168,0,0,0,0,0,0,0,0,0,0,0,0,0,0,0,0,0,0,0,0,0,0,0,0
Frt07217,ITALCOL MASCOTAS PRINCIPAL,38289438,8/02/2022,P,744,840,912,864,888,720,672,1008,984,1056,864,864,768,864,912,792,792,816,720,576,600,696,1008,1104,0,0,0,0,0,0,0,0,0,0,0,0,0,0,0,0,0,0,0,0,0,0,0,0,192,240,264,240,264,192,168,312,312,360,288,288,240,264,312,264,288,264,216,168,168,216,360,408,0,0,0,0,0,0,0,0,0,0,0,0,0,0,0,0,0,0,0,0,0,0,0,0
Frt07217,ITALCOL MASCOTAS PRINCIPAL,38289438,8/03/2022,P,1104,1056,1056,1080,1104,1008,984,1056,1176,1248,1248,1248,1080,888,888,960,1080,1128,912,1128,1032,936,888,864,0,0,0,0,0,0,0,0,0,0,0,0,0,0,0,0,0,0,0,0,0,0,0,0,384,384,360,384,360,360,336,360,384,408,432,408,336,264,264,288,336,336,288,384,384,288,264,240,0,0,0,0,0,0,0,0,0,0,0,0,0,0,0,0,0,0,0,0,0,0,0,0
Frt07566,ITALCOL NEIVA PRINCIPAL,2841246,8/01/2022,P,470.92,854.87,1083.78,989.55,526.99,464.36,407.93,751.72,951.3,1026.95,938.03,954.81,879.03,700.92,682.02,704.3,1242.18,1300.99,1080.86,1042.88,1253.7,1397.43,1644.84,1570.05,0,0,0,0,0,0,0,0,0,0,0,0,0,0,0,0,0,0,0,0,0,0,0,0,132.21,253.35,315.59,293.18,153.68,156.33,115.38,235.26,292.72,317.66,294.26,305.78,264.42,205.65,224.87,238.55,417.06,459.81,349.83,345.51,419.72,445.14,662.54,679.59,4.19,0,0,0,0,0,0,0,0,0,0,0,0,0.72,0,0.23,0,0,0,0,0,0,0,0
Frt07566,ITALCOL NEIVA PRINCIPAL,2841246,8/02/2022,P,1506.47,1464.8,1040.22,1232.42,1279.17,965.75,1131.52,1298.7,1574.01,1511.41,1391.9,1312.51,1354.36,1292.99,1302.57,1387.71,1486.85,1502.28,1302.03,1137.01,1298.66,1434.42,1469.61,1714.28,0,0,0,0,0,0,0,0,0,0,0,0,0,0,0,0,0,0,0,0,0,0,0,0,422.15,410.49,303.26,356.9,376.11,297.36,335.79,395.46,458.41,441.95,401.9,372.42,384.03,384.12,386.24,402.53,427.77,441.77,384.89,343.4,390.33,422.87,432.67,491.67,0,0,0,0,0,0,0,0,0,0,0,0,0,0,0,0,0,0,0,0,0,0,0,0
Frt07566,ITALCOL NEIVA PRINCIPAL,2841246,8/03/2022,P,1632.24,1726.47,1292.4,1144.98,1146.15,869.36,760.23,1067.18,1409.36,1363.28,1306.08,1298.74,1226.48,567.81,587.97,990.09,1160.24,1002.92,1033.83,1155.06,1380.46,1159.83,1185.97,1279.22,0,0,0,0,0,0,0,0,0,0,0,0,0,0,0,0,0,0,0,0,0,0,0,0,473,493.34,382.01,340.56,344.25,263.34,247.59,324.23,407.97,391.5,384.3,388.35,368.1,175.68,167.85,270.23,330.39,260.37,304.83,342.86,409.68,348.57,355.64,379.76,0,0,0,0,0,0,0,0,0,0,0,0,0,0,0,0,0,0,0,0,0,0,0,0
Frt20388,ITALCOL SAN MARINO FLANDES V1,2910140,8/01/2022,P,303.46,296.41,295.98,300.64,294.03,289.71,271.4,260.45,212.09,257.34,254.72,95.54,61.73,33.84,97.55,167.21,275.37,394.74,404.66,389.99,364.66,334.48,322.35,311.45,0,0,0,0,0,0,0,0,0,0,0,10.9,13.08,1.21,0,0,0,0,0,0,0,0,0,0,101.49,98.1,102.38,103.59,99.82,94.04,82.66,79.29,76.59,91.74,96.72,68.68,61.47,50.17,73.08,93.61,122.1,148.49,154.91,153.21,137.05,122.82,116.67,108.33,0,0,0,0,0,0,0,0,0,0,0,0,0,0,0,0,0,0,0,0,0,0,0,0
Frt20388,ITALCOL SAN MARINO FLANDES V1,2910140,8/02/2022,P,295.61,286.52,263.55,258.69,259.27,260.85,257.08,238.14,188.02,112.21,33.41,23.12,61.24,53.19,100.8,257.89,331.69,336.23,367.6,349.28,347.62,338.33,333.27,312.02,0,0,0,0,0,0,0,0,0,0,17.14,12.62,9.63,28.49,8.28,0,0,0,0,0,0,0,0,0,101.49,95.16,80.82,80.73,81.33,80.96,76.45,61.15,62.04,39.16,20.07,20.36,37.78,38.21,64.26,114.4,128.89,121.07,141.59,136.07,139.93,134,129.46,116.64,0,0,0,0,0,0,0,0,0,0,0.81,0.17,0,0.14,0,0,0,0,0,0,0,0,0,0
Frt20388,ITALCOL SAN MARINO FLANDES V1,2910140,8/03/2022,P,308.66,311.13,301.53,295.58,286.21,272.44,253.52,194.03,90.94,53.56,48.73,34.39,49.57,47.44,119.92,202.06,169.05,313.86,324.27,333.9,325.94,319.64,317.26,304.92,0,0,0,0,0,0,0,0,0,15.55,51.92,57.33,29.96,31.34,4.72,0.57,0,0,0,0,0,0,0,0,112.38,113.85,105.68,104.48,93.9,86.71,73.77,66.82,45.08,33.12,24.29,20.99,39.22,32.8,61.3,83.03,73.28,99.48,110.4,117.93,115.89,115.06,113.62,109.54,0,0,0,0,0,0,0,0,0,0.55,1.55,0.35,0.14,0.14,0,0,0,0,0,0,0,0,0,0
Frt21318,RIVERPORT ALIMENTO PRINCIPAL,38289441,8/01/2022,P,1863,1000.5,1759.5,1759.5,1276.5,1725,1587,1242,1311,1690.5,1483.5,1380,1725,1242,1656,1759.5,1621.5,1380,1069.5,1173,1690.5,1932,1863,1725,0,0,0,0,0,0,0,0,0,0,0,0,0,0,0,0,0,0,0,0,0,0,0,0,759,448.5,724.5,724.5,552,724.5,655.5,448.5,483,655.5,517.5,517.5,621,414,552,655.5,586.5,517.5,379.5,414,621,690,690,621,0,0,0,0,0,0,0,0,0,0,0,0,0,0,0,0,0,0,0,0,0,0,0,0
Frt21318,RIVERPORT ALIMENTO PRINCIPAL,38289441,8/02/2022,P,1794,1794,1449,1138.5,1656,1587,1173,1069.5,1656,1242,1345.5,1276.5,1449,1621.5,1207.5,1380,1345.5,1173,1069.5,1449,1276.5,1414.5,1104,1483.5,0,0,0,0,0,0,0,0,0,0,0,0,0,0,0,0,0,0,0,0,0,0,0,0,655.5,655.5,483,414,586.5,552,414,379.5,586.5,448.5,483,448.5,552,586.5,448.5,517.5,483,414,379.5,517.5,448.5,517.5,379.5,517.5,0,0,0,0,0,0,0,0,0,0,0,0,0,0,0,0,0,0,0,0,0,0,0,0
Frt21318,RIVERPORT ALIMENTO PRINCIPAL,38289441,8/03/2022,P,1483.5,1518,1552.5,1518,1552.5,1518,1449,1552.5,1380,1518,1759.5,1552.5,1587,1656,1587,1690.5,1897.5,1897.5,1794,1690.5,1932,1656,1483.5,1828.5,0,0,0,0,0,0,0,0,0,0,0,0,0,0,0,0,0,0,0,0,0,0,0,0,552,517.5,517.5,552,517.5,552,552,621,586.5,552,690,586.5,655.5,690,621,621,759,793.5,793.5,655.5,793.5,655.5,586.5,655.5,0,0,0,0,0,0,0,0,0,0,0,0,0,0,0,0,0,0,0,0,0,0,0,0
Frt21319,RIVER PUERTO PRINCIPAL,38289439,8/01/2022,P,245.4,254.1,249.9,195.3,292.5,286.8,199.5,286.2,336.3,324.6,271.2,259.8,237.6,188.1,188.7,216.6,217.5,246.3,290.1,221.7,205.8,236.7,251.4,253.2,0,0,0,0,0,0,0,0,0,0,0,0,0,0,0,0,0,0,0,0,0,0,0,0,92.1,87.3,88.8,72.9,103.8,100.2,72.9,97.8,113.7,110.1,91.2,92.7,82.5,60,67.2,73.5,72.9,87.3,98.1,78.3,70.2,80.1,83.4,84.9,0,0,0.3,0,0,0,0,0,0,0,0,0,0.6,0,0,0,0,0,0,0,0,0,0,0
Frt21319,RIVER PUERTO PRINCIPAL,38289439,8/02/2022,P,246,284.1,233.1,222,267.6,223.2,207,234.9,227.4,229.2,229.5,190.8,200.4,199.8,144.3,130.2,156.9,162.6,231.6,231.6,261,305.7,308.1,285.9,0,0,0,0,0,0,0,0,0,0,0,0,0,0,0,0,0,0,0,0,0,0,0,0,87.9,97.2,84.6,87.3,102.6,82.5,74.7,86.4,78.6,77.1,77.1,66.6,67.5,66.9,46.5,39,59.1,64.5,85.2,84.6,89.1,101.4,102,101.1,0,0,0,0,0,0,0,0,0,0,0,0,0.6,0.3,0,0,0,0,0,0,0,0,0,0
Frt21319,RIVER PUERTO PRINCIPAL,38289439,8/03/2022,P,260.7,282.6,289.2,213.6,219.9,197.1,140.7,142.8,207,182.4,107.7,82.8,146.7,94.8,117.9,104.7,116.7,98.7,135.6,152.4,189,151.2,98.7,94.8,0,0,0,0,0,0,0,0,0,0,0,0,0,0,0,0,0,0,0,0,0,0,0,0,87.3,99.9,102.3,77.7,83.4,74.4,49.2,44.4,71.1,62.4,28.8,19.8,50.7,29.4,40.2,36.6,37.5,28.5,49.8,57,68.7,59.7,31.5,27.9,0,0,0,0,0,0,0,0.3,0,0,0,0,0.6,0.3,0,0,0,0,0,0,0.3,0,0,0
Frt24857,ITALCOL PEREIRA RESPALDO,2839472,8/01/2022,P,43.41,42.55,42.84,38.53,27.89,22.71,77.34,82.8,87.69,80.5,130.52,100.34,212.46,138,407.1,377.2,416.59,593.69,442.75,600.01,338.96,404.51,587.94,445.63,0,0,0,0,0,0,0,0,0,0,0,0,0,0,0,0,0,0,0,0,0,0,0,0,0.57,0.29,1.15,1.44,0.57,0.57,21.28,24.73,26.74,25.3,43.13,31.34,73.31,46.29,167.61,148.93,175.09,251.85,174.51,245.81,129.95,162.73,242.94,179.4,0,0,0.57,0.57,0.57,1.73,1.15,6.04,1.44,1.73,3.16,2.3,1.15,1.73,1.73,0,0,0.29,0,0,0.57,0,0,0
Frt24857,ITALCOL PEREIRA RESPALDO,2839472,8/02/2022,P,662.69,402.79,350.75,686.26,561.78,519.51,471.5,620.43,799.54,671.31,641.7,730.83,688.85,528.71,688.28,424.06,657.23,370.88,558.04,495.65,392.15,554.88,279.45,560.91,0,0,0,0,0,0,0,0,0,0,0,0,0,0,0,0,0,0,0,0,0,0,0,0,280.6,150.36,141.16,298.71,232.59,215.34,200.1,261.91,359.95,282.9,286.93,324.59,298.14,228.85,302.16,175.95,281.75,147.49,227.99,202.69,151.23,228.85,108.68,239.49,0.29,0.57,0.29,0,0.57,0,0,0,0,0,0,0,0,0,0,0.29,0,0.29,0,0,0,0,0.29,2.01
Frt24857,ITALCOL PEREIRA RESPALDO,2839472,8/03/2022,P,405.09,582.76,709.84,361.96,36.23,323.15,452.24,456.26,382.09,605.48,633.08,657.51,600.3,447.06,438.72,587.65,651.19,743.19,455.11,771.36,491.34,378.93,666.14,80.5,0,0,0,0,0,0,0,0,0,0,0,0,0,0,0,0,0,0,0,0,0,0,0,0,162.15,242.94,301.3,141.45,1.44,129.66,182.56,184,152.66,257.89,269.68,281.18,251.85,184.86,179.11,247.54,270.83,318.26,190.33,330.63,207.58,152.38,289.23,18.11,0.29,0,0,0.57,1.44,0.29,0,0.29,0,0,0,0,0,0,0,0,0,0,0.29,0,0,0.57,0,0.57
Frt27027,ITALCOL PALMIRA PRINCIPAL V1,83692689,8/01/2022,P,733.68,678.06,622.8,709.56,614.52,679.68,656.1,575.46,662.04,808.02,933.48,857.52,903.06,837.54,732.42,619.38,656.82,666.54,632.88,555.66,533.52,594.36,542.88,674.64,0,0,0,0,0,0,0,0,0,0,0,0,0,0,0,0,0,0,0,0,0,0,0,0,223.92,200.34,183.78,217.98,191.88,219.42,214.38,195.84,226.62,289.44,357.84,332.82,356.94,327.06,252.54,192.24,212.04,203.4,207.18,162,201.24,244.8,180.36,234.36,0,0,0,0,0,0,0,0,0,0,0,0,0,0,0,0,0,0,0,0,0,0,0,0
Frt27027,ITALCOL PALMIRA PRINCIPAL V1,83692689,8/02/2022,P,517.68,632.88,647.28,747.18,813.6,847.44,729,760.86,857.52,848.16,841.14,671.94,596.16,512.64,520.2,505.26,707.4,558.9,559.08,774.36,589.86,552.42,451.08,413.82,0,0,0,0,0,0,0,0,0,0,0,0,0,0,0,0,0,0,0,0,0,0,0,0,179.1,257.04,262.62,303.66,309.24,322.74,264.96,291.96,368.82,361.98,333.9,217.26,155.34,115.2,112.5,117.18,188.46,144.36,139.86,252.36,170.64,156.06,100.8,91.08,0,0,0,0,0,0,0,0,0,0,0,0,0,0,0,0,0,0,0,0,0,0,0,0
Frt27027,ITALCOL PALMIRA PRINCIPAL V1,83692689,8/03/2022,P,514.98,583.74,574.92,447.48,594.72,579.96,569.88,621.72,670.14,608.04,705.96,950.22,913.5,864,628.38,741.96,679.32,675.54,604.08,613.44,528.3,555.12,493.92,456.48,0,0,0,0,0,0,0,0,0,0,0,0,0,0,0,0,0,0,0,0,0,0,0,0,118.8,139.5,148.68,111.06,179.28,158.94,135.54,155.7,210.6,239.58,302.04,451.08,453.6,396,241.2,318.06,306.18,273.96,237.42,265.32,200.7,151.92,109.44,103.5,0,0,0,0,0,0,0,0,0,0,0,0,0,0,0,0,0,0,0,0,0,0,0,0
Frt32334,CONCENTRADOS CRESTA ROJA LTDA. PRINCIPAL,2859838,8/01/2022,P,25.3,25.03,25.63,25.74,61.66,140.31,204.05,423.72,406.29,451.66,654.17,603.68,508.86,485.82,268.78,265.49,393.2,447.92,531.03,518.76,387.75,397.76,356.51,175.12,0,0,0,0,0,0,0,0,0,0,0,0,0,0,0,0,0,0,0,0,0,0,0,0,0,0,0,0,0,34.38,75.63,133.87,133.54,152.63,205.92,204.05,198.94,228.53,111.65,63.42,119.74,159.17,133.49,128.04,151.2,131.23,93.06,53.35,18.26,18.65,18.37,18.21,14.41,0.55,0,0,0,0,0,0,0,0,0,0,0,0,0,0,0,0,0,0.17
Frt32334,CONCENTRADOS CRESTA ROJA LTDA. PRINCIPAL,2859838,8/02/2022,P,93.06,107.25,110,109.73,110.33,108.63,260.21,429.77,535.04,635.08,582.73,527.23,515.68,520.46,347.05,456.06,499.46,481.53,520.68,483.34,522.22,334.35,75.57,74.47,0,0,0,0,0,0,0,0,0,0,0,0,0,0,0,0,0,0,0,0,0,0,0,0,33.22,33.06,33.39,32.34,32.45,34.38,72.16,123.2,132.33,172.32,165.94,171.71,148.17,132.66,103.29,127.99,129.42,126.17,134.81,133.32,133.26,95.87,23.05,25.41,0,0,0,0,0,0,0,0,0,0,0,0,0,0,0,0,0,0,0,0,0,0,0.11,0
Frt32334,CONCENTRADOS CRESTA ROJA LTDA. PRINCIPAL,2859838,8/03/2022,P,72.44,73.98,72.33,78.04,108.68,136.18,195.86,368.89,542.68,566.12,537.18,522.33,535.31,400.46,486.59,430.32,486.37,487.74,429.6,315.76,285.23,337.1,99.16,76.07,0,0,0,0,0,0,0,0,0,0,0,0,0,0,0,0,0,0,0,0,0,0,0,0,24.7,26.62,25.8,28.27,32.84,65.89,60.94,94.66,163.52,154.44,138.71,137.45,127.38,140.14,157.08,144.54,174.19,176.22,163.13,146.3,112.86,95.43,23.81,17.77,0,0,0,0,0,0,0,0,0,0,0,0,0,0,0,0,0,0,0,0,0,0,0,0
Frt34676,SOCIEDAD PORTUARIA COQUECOL PRINCIPAL,2869398,8/01/2022,P,45.38,119.85,246.52,285.45,303.68,286.13,252.3,275.18,266.77,261.3,220.58,132.83,29.55,30.75,31.13,31.88,98.33,168.3,142.43,196.13,231.83,226.73,225.9,216.75,0,0,0,0,0,0,0,0,0,0,0,0,0,0,0,0,0,0,0,0,0,0,0,0,6.38,49.2,108.75,118.35,123.53,110.48,102.38,115.28,107.55,106.35,95.32,58.28,4.13,4.88,4.43,4.2,35.25,68.25,48.82,71.18,84.83,82.5,83.63,84.3,0,0,0,0,0,0,0,0,0,0,0,0,0,0,0,0,0,0,0,0,0,0,0,0
Frt34676,SOCIEDAD PORTUARIA COQUECOL PRINCIPAL,2869398,8/02/2022,P,211.58,201.3,80.78,49.88,140.18,195.98,161.25,182.1,158.4,125.33,182.85,200.77,159.15,145.88,235.2,179.02,167.93,204.52,210.38,226.5,230.33,245.02,207.23,154.35,0,0,0,0,0,0,0,0,0,0,0,0,0,0,0,0,0,0,0,0,0,0,0,0,82.8,78.6,26.18,12.6,51.23,76.05,69.08,72,56.4,31.65,77.63,95.78,86.85,76.8,121.73,86.1,74.4,96.6,99.08,101.18,103.28,104.18,96.38,66,0,0,0,0,0,0,0,0,0,0,0,0,0,0,0,0,0,0,0,0,0,0,0,0
Frt34676,SOCIEDAD PORTUARIA COQUECOL PRINCIPAL,2869398,8/03/2022,P,120.68,48.3,245.48,270.15,174.6,212.93,140.55,123.3,29.33,29.4,25.8,24.83,24.6,24.83,27.53,29.18,28.05,29.93,41.47,40.28,40.05,39.6,39.38,39.68,0,0,0,0,0,0,0,0,0,0,0,0,0,0,0,0,0,0,0,0,0,0,0,0,48.83,11.17,86.1,96.38,76.95,79.2,66.23,44.48,4.5,4.5,4.05,3.97,4.2,2.55,2.85,2.33,2.48,3,4.58,4.2,4.2,3.75,3.45,3.38,0,0,0,0,0,0,0,0,0,0,0,0,0,0,0,0,0,0.38,0,0,0,0,0,0
Frt38850,PAVOS DEL CAMPO ,2839389,8/01/2022,P,0,0,0,0,0,0,0,0,0,0,0,0,0,0,0,0,0,0,0,0,0,0,0,0,0,0,0,0,0,0,0,0,0,0,0,0,0,0,0,0,0,0,0,0,0,0,0,0,0,0,0,0,0,0,0,0,0,0,0,0,0,0,0,0,0,0,0,0,0,0,0,0,0,0,0,0,0,0,0,0,0,0,0,0,0,0,0,0,0,0,0,0,0,0,0,0
Frt38850,PAVOS DEL CAMPO ,2839389,8/02/2022,P,0,0,0,0,0,0,0,0,0,0,0,0,0,0,0,0,0,0,0,0,0,0,0,0,0,0,0,0,0,0,0,0,0,0,0,0,0,0,0,0,0,0,0,0,0,0,0,0,0,0,0,0,0,0,0,0,0,0,0,0,0,0,0,0,0,0,0,0,0,0,0,0,0,0,0,0,0,0,0,0,0,0,0,0,0,0,0,0,0,0,0,0,0,0,0,0
Frt38850,PAVOS DEL CAMPO ,2839389,8/03/2022,P,0,0,0,0,0,0,0,0,0,0,0,0,0,0,0,0,0,0,0,0,0,0,0,0,0,0,0,0,0,0,0,0,0,0,0,0,0,0,0,0,0,0,0,0,0,0,0,0,0,0,0,0,0,0,0,0,0,0,0,0,0,0,0,0,0,0,0,0,0,0,0,0,0,0,0,0,0,0,0,0,0,0,0,0,0,0,0,0,0,0,0,0,0,0,0,0
Frt38866,PISCICOLA BOTERO,2839413,8/01/2022,P,68.37,68.93,69.19,69.32,69.11,68.15,67.16,66.9,64.26,5.14,4.8,5.25,4.86,4.81,4.93,4.35,6.84,29.69,71.34,71.4,71.55,71.79,71.46,63.89,0,0,0,0,0,0,0,0,0,0,0,0,0,0,0,0,0,0,0,0,0,0,0,0,13.07,14.55,27.18,57.53,23.52,9.11,9.38,8.3,6.61,0,0,0,0,0,0,0,0,4.32,13.4,13.17,13.59,13.95,12.95,6.29,0,0,0,0,0,0,0,0,0.02,3.81,3.59,4.31,4.26,4.29,4.28,4.71,3.68,2.12,0,0,0,0,0,0
Frt38866,PISCICOLA BOTERO,2839413,8/02/2022,P,63.84,63.26,63.24,61.88,61.88,64.26,66.93,66.94,63,7.19,7.04,9.86,12.61,13.1,12.63,9.75,15.54,55.46,68.12,70.58,70.82,70.82,70.82,70.76,0,0,0,0,0,0,0,0,0,0,0,0,0,0,0,0,0,0,0,0,0,0,0,0,5.88,4.5,4.8,4.11,4.37,9.71,11.79,11.55,11.49,0,0,1.74,3.54,3.51,3.23,0.74,0.2,5.39,11.7,12.74,12.92,13.16,13.62,13.67,0,0,0,0,0,0,0,0,0.18,1.8,2.37,1.27,0,0,0,1.85,1.35,0,0,0,0,0,0,0
Frt38866,PISCICOLA BOTERO,2839413,8/03/2022,P,70.95,71,70.97,71.13,71.05,70.37,70.2,68.57,49.51,7.11,6.07,5.28,3.45,4.43,5.28,5.37,5.47,29.51,70.95,71.04,71.27,71.3,71.27,71.51,0,0,0,0,0,0,0,0,0,0,0,0,0,0,0,0,0,0,0,0,0,0,0,0,14.01,14.64,14.51,14.75,14.13,13.86,14.19,14.07,9.44,0,0,0,0,0,0,0,0,3.47,9.71,9.39,9.68,9.99,10.23,10.84,0,0,0,0,0,0,0,0,0.93,2.99,3.48,4.05,5.04,4.68,4.47,4.47,4.55,2.17,0,0,0,0,0,0
Frt40290,AVICOLA EL MADROÑO BODEGA 21 B,84562036,8/01/2022,P,22.77,21.48,23.2,22.23,16.07,25.05,22.99,25.95,27.78,22.47,28.46,27.97,27.81,33.2,24.36,27.66,29.16,27.19,25.99,22.42,21.62,24.98,24.39,22.13,0,0,0,0,0,0,0,0,0,0,0,0,0,0,0,0,0,0,0,0,0,0,0,0,2.8,4.35,6.02,5.77,0.93,3.43,4,2.3,6.94,0.38,4.35,7.8,5.62,7.9,3.73,6.92,7.72,5.86,6.05,3.22,5.26,6.75,4.52,4.73,0.89,0.14,0.19,0.18,1.77,1.44,0.19,1.13,0.62,2.75,0.91,0.1,0.25,0.05,0.69,0.5,0.01,0.17,0.61,0.73,0.07,0.12,0.42,0.1
Frt40290,AVICOLA EL MADROÑO BODEGA 21 B,84562036,8/02/2022,P,25.94,20.61,25.29,22.14,19.95,27.3,23.85,25.72,31.15,25.99,28.7,23.54,27.22,28.26,23.7,24.81,30.34,33.43,30.01,26.74,19.01,24.49,21.82,20.7,0,0,0,0,0,0,0,0,0,0,0,0,0,0,0,0,0,0,0,0,0,0,0,0,5.71,3.79,2.8,6.15,3.16,5.46,1.78,2.82,10.6,4.17,4,2.9,6.31,6.89,4.1,2.72,10.97,11.3,9.03,5.98,1.49,4.98,5.81,2.09,0.58,0.14,0.81,0.02,0.62,0.93,0.78,0.94,0,0.23,0.46,0.5,0.3,0.25,0.37,2.55,0,0,0,0.63,0.86,0.78,0,1.42
Frt40290,AVICOLA EL MADROÑO BODEGA 21 B,84562036,8/03/2022,P,25.59,20.78,23.47,22.17,25.5,29.63,25.89,26.5,27.09,25.89,31.36,30.64,32.63,31.09,31.91,28.95,28.74,28.66,24.28,28.72,23.54,25.55,26.62,23.17,0,0,0,0,0,0,0,0,0,0,0,0,0,0,0,0,0,0,0,0,0,0,0,0,6.4,1.32,3.77,5.48,3.94,9.31,3.95,5.62,2.73,4.32,7.14,7.51,8.01,6.94,9.88,9.09,2.58,9.33,4.75,9.53,6.98,1.85,9.97,5.7,1.32,1.08,0.55,0.18,0.3,0,0.04,0.46,0.89,0.4,0.25,0.06,0.08,0.21,0.05,0,1.09,0.01,0.18,0.4,0.01,2.06,0,0
Frt41351,ITALCOL VILLAVICENCIO 2 PRINCIPAL,2892310,8/01/2022,P,51.62,41.62,34.2,33.12,33.55,57.05,155.29,454.32,493.57,521.29,390.93,536.65,528.76,645.06,771.89,971.95,884.93,906.32,736.06,783.41,787.38,729.16,496.33,457.86,0,0,0,0,0,0,0,0,0,0,0,0,0,0,0,0,0,0,0,0,0,0,0,0,3.92,2.5,1.38,0.39,0.09,4.92,40.84,131.88,134.12,195.83,176.34,209.98,214.5,236.89,323.65,388.81,334.05,390.71,354.19,340.99,360.87,323.78,149.43,141.15,0,0,0,0.04,0.04,0,0.26,0,0,0,0,0,0,0,0,0,0,0,0,0,0,0,0,0
Frt41351,ITALCOL VILLAVICENCIO 2 PRINCIPAL,2892310,8/02/2022,P,480.02,473.56,449.49,439.7,470.24,263.88,329.78,517.16,662.7,772.67,960.7,887.47,913.17,806.09,1000.07,880.66,679.95,751.32,855.26,780.26,434.14,437.72,121.01,99.75,0,0,0,0,0,0,0,0,0,0,0,0,0,0,0,0,0,0,0,0,0,0,0,0,159.78,152.71,109.71,105.01,108.55,52.27,90.48,196.52,308.47,337.8,368.37,393.9,407.7,333.49,408.01,401.97,330.51,374.15,382.17,319.25,218.43,226.45,75.43,33.34,0,0,0,0,0,0,0,0,0,0,0,0,0,0,0,0,0,0,0,0,0,0,0,0
Frt41351,ITALCOL VILLAVICENCIO 2 PRINCIPAL,2892310,8/03/2022,P,83.1,65.51,90.39,86.08,79.05,91.51,115.36,350.65,544.41,530.48,575.63,756.07,976.35,841.89,871.86,800.44,631.95,837.14,780.09,696.43,752.57,734.03,381.23,512.28,0,0,0,0,0,0,0,0,0,0,0,0,0,0,0,0,0,0,0,0,0,0,0,0,0.13,0,0,0,0.99,5.43,27.43,138.09,267.81,247.75,266.94,308.6,380.88,356.6,358.93,311.97,249.48,344.87,296.57,252.37,299.42,305.67,107.94,142.36,14.96,18.24,13.07,18.07,6.43,0.65,0,0,0,0,0,0,0,0,0,0,0,0,0,0,0,0,0,0
